0, 0, 0, 0, 0, 0, 0
0, 0, 0, 0, 0, 0, 0
0, 0, 0, 0, 0, 0, 0
0, 0, 0, 0, 0, 0, 0
0, 0, 0, 0, 0, 0, 0
0, 0, 0, 0, 0, 0, 0
0.002, 1.41421, -3.35811e-06, 1.41421, -2.81509e-11, 13.8734, 3.46835
0.012, 1.41421, -3.35858e-06, 1.41421, -4.94698e-10, 13.8734, 3.46835
0.022, 1.41421, -3.35936e-06, 1.41421, -1.27824e-09, 13.8734, 3.46836
0.032, 1.41421, -3.3602e-06, 1.41421, -2.11401e-09, 13.8734, 3.46836
0.042, 1.41421, -3.36087e-06, 1.41421, -2.7845e-09, 13.8734, 3.46836
0.052, 1.41421, -3.3612e-06, 1.41421, -3.1122e-09, 13.8734, 3.46836
0.062, 1.41421, -3.36104e-06, 1.41421, -2.95341e-09, 13.8734, 3.46836
0.072, 1.41421, -3.36028e-06, 1.41421, -2.19298e-09, 13.8734, 3.46836
0.082, 1.41421, -3.35882e-06, 1.41421, -7.39853e-10, 13.8734, 3.46836
0.094, 1.41421, -3.35607e-06, 1.41421, 2.01672e-09, 13.8734, 3.46836
0.104, 1.41421, -3.35287e-06, 1.41421, 5.21924e-09, 13.8734, 3.46836
0.114, 1.41421, -3.3488e-06, 1.41421, 9.28494e-09, 13.8734, 3.46836
0.124, 1.41421, -3.34385e-06, 1.41421, 1.42393e-08, 13.8734, 3.46836
0.134, 1.41421, -3.33799e-06, 1.41421, 2.00981e-08, 13.8734, 3.46836
0.144, 1.41421, -3.33122e-06, 1.41421, 2.68692e-08, 13.8734, 3.46836
0.154, 1.41421, -3.32353e-06, 1.41421, 3.45541e-08, 13.8734, 3.46836
0.166, 1.41421, -3.31311e-06, 1.41421, 4.4976e-08, 13.8734, 3.46837
0.174, 1.41421, -3.30544e-06, 1.41421, 5.26443e-08, 13.8734, 3.46837
0.184, 1.41421, -3.29506e-06, 1.41421, 6.3029e-08, 13.8734, 3.46837
0.194, 1.41421, -3.2838e-06, 1.41421, 7.42881e-08, 13.8734, 3.46837
0.206, 1.41421, -3.26916e-06, 1.41421, 8.89286e-08, 13.8734, 3.46837
0.216, 1.41421, -3.25604e-06, 1.41421, 1.02048e-07, 13.8734, 3.46837
0.226, 1.41421, -3.24211e-06, 1.41421, 1.15981e-07, 13.8734, 3.46837
0.236, 1.41421, -3.22738e-06, 1.41421, 1.30707e-07, 13.8734, 3.46837
0.246, 1.41421, -3.21188e-06, 1.41421, 1.46203e-07, 13.8734, 3.46837
0.256, 1.41421, -3.19564e-06, 1.41421, 1.62447e-07, 13.8734, 3.46837
0.266, 1.41421, -3.17867e-06, 1.41421, 1.79416e-07, 13.8734, 3.46837
0.276, 1.41421, -3.161e-06, 1.41421, 1.97088e-07, 13.8734, 3.46837
0.288, 1.41421, -3.1389e-06, 1.41421, 2.1919e-07, 13.8734, 3.46837
0.298, 1.41421, -3.11976e-06, 1.41421, 2.38329e-07, 13.8734, 3.46837
0.308, 1.41421, -3.09999e-06, 1.41421, 2.58099e-07, 13.8734, 3.46837
0.318, 1.41421, -3.07961e-06, 1.41421, 2.78479e-07, 13.8734, 3.46837
0.328, 1.41421, -3.05864e-06, 1.41421, 2.99447e-07, 13.8734, 3.46837
0.338, 1.41421, -3.03711e-06, 1.41421, 3.20984e-07, 13.8734, 3.46837
0.35, 1.41421, -3.01502e-06, 1.41421, 3.47549e-07, 13.8734, 3.46837
0.358, 1.41421, -2.99241e-06, 1.41421, 3.65681e-07, 13.8734, 3.46837
0.37, 1.41421, -2.9646e-06, 1.41421, 3.93486e-07, 13.8734, 3.46837
0.38, 1.41421, -2.9409e-06, 1.41421, 4.17194e-07, 13.8734, 3.46837
0.39, 1.41421, -2.91672e-06, 1.41421, 4.41371e-07, 13.8734, 3.46837
0.4, 1.41421, -2.89209e-06, 1.41421, 4.66e-07, 13.8734, 3.46837
0.41, 1.41421, -2.86703e-06, 1.41421, 4.91064e-07, 13.8734, 3.46837
0.422, 1.41421, -2.8364e-06, 1.41421, 5.21692e-07, 13.8734, 3.46837
0.43, 1.41421, -2.81566e-06, 1.41421, 5.42433e-07, 13.8734, 3.46837
0.442, 1.41421, -2.78408e-06, 1.41421, 5.74007e-07, 13.8734, 3.46837
0.452, 1.41421, -2.75736e-06, 1.41421, 6.00727e-07, 13.8734, 3.46837
0.462, 1.41421, -2.73029e-06, 1.41421, 6.27804e-07, 13.8734, 3.46837
0.472, 1.41421, -2.70287e-06, 1.41421, 6.55224e-07, 13.8734, 3.46837
0.484, 1.41421, -2.66953e-06, 1.41421, 6.88562e-07, 13.8734, 3.46837
0.494, 1.41421, -2.6414e-06, 1.41421, 7.16692e-07, 13.8734, 3.46837
0.504, 1.41421, -2.61297e-06, 1.41421, 7.45125e-07, 13.8734, 3.46837
0.514, 1.41421, -2.58424e-06, 1.41421, 7.7385e-07, 13.8734, 3.46837
0.524, 1.41421, -2.55524e-06, 1.41421, 8.02855e-07, 13.8734, 3.46837
0.534, 1.41421, -2.52596e-06, 1.41421, 8.3213e-07, 13.8734, 3.46837
0.544, 1.41421, -2.49643e-06, 1.41421, 8.61664e-07, 13.8734, 3.46837
0.556, 1.41421, -2.46066e-06, 1.41421, 8.97434e-07, 13.8734, 3.46837
0.566, 1.41421, -2.43059e-06, 1.41421, 9.27505e-07, 13.8734, 3.46837
0.576, 1.41421, -2.40029e-06, 1.41421, 9.57805e-07, 13.8734, 3.46837
0.586, 1.41421, -2.36977e-06, 1.41421, 9.88326e-07, 13.8734, 3.46837
0.596, 1.41421, -2.33904e-06, 1.41421, 1.01906e-06, 13.8734, 3.46837
0.606, 1.41421, -2.3081e-06, 1.41421, 1.04999e-06, 13.8734, 3.46837
0.616, 1.41421, -2.27697e-06, 1.41421, 1.08113e-06, 13.8734, 3.46837
0.626, 1.41421, -2.24565e-06, 1.41421, 1.11873e-06, 13.8734, 3.46837
0.636, 1.41421, -2.21415e-06, 1.41421, 1.14395e-06, 13.8734, 3.46837
0.648, 1.41421, -2.17612e-06, 1.41421, 1.18198e-06, 13.8734, 3.46837
0.658, 1.41421, -2.14424e-06, 1.41421, 1.21386e-06, 13.8734, 3.46837
0.668, 1.41421, -2.11221e-06, 1.41421, 1.24589e-06, 13.8734, 3.46837
0.678, 1.41421, -2.08002e-06, 1.41421, 1.27808e-06, 13.8734, 3.46837
0.688, 1.41421, -2.04768e-06, 1.41421, 1.31042e-06, 13.8734, 3.46837
0.698, 1.41421, -2.0152e-06, 1.41421, 1.3429e-06, 13.8734, 3.46837
0.71, 1.41421, -1.97604e-06, 1.41421, 1.38205e-06, 13.8734, 3.46837
0.72, 1.41421, -1.94327e-06, 1.41421, 1.41483e-06, 13.8734, 3.46837
0.728, 1.41421, -1.91696e-06, 1.41421, 1.44114e-06, 13.8734, 3.46837
0.74, 1.41421, -1.87735e-06, 1.41421, 1.48074e-06, 13.8734, 3.46837
0.75, 1.41421, -1.84422e-06, 1.41421, 1.51388e-06, 13.8734, 3.46837
0.76, 1.41422, -1.81097e-06, 1.41422, 1.54713e-06, 13.8734, 3.46837
0.77, 1.41422, -1.77762e-06, 1.41422, 1.58048e-06, 13.8734, 3.46837
0.78, 1.41422, -1.74416e-06, 1.41422, 1.61394e-06, 13.8734, 3.46837
0.79, 1.41422, -1.71061e-06, 1.41422, 1.64749e-06, 13.8734, 3.46837
0.802, 1.41422, -1.67021e-06, 1.41422, 1.68789e-06, 13.8734, 3.46837
0.812, 1.41422, -1.63645e-06, 1.41422, 1.72165e-06, 13.8734, 3.46837
0.822, 1.41422, -1.60261e-06, 1.41422, 1.7555e-06, 13.8734, 3.46837
0.832, 1.41422, -1.56867e-06, 1.41422, 1.78943e-06, 13.8734, 3.46837
0.842, 1.41422, -1.53466e-06, 1.41422, 1.82344e-06, 13.8734, 3.46837
0.852, 1.41422, -1.50057e-06, 1.41422, 1.85753e-06, 13.8734, 3.46837
0.862, 1.41422, -1.4664e-06, 1.41422, 1.8917e-06, 13.8734, 3.46837
0.874, 1.41422, -1.42531e-06, 1.41422, 1.93279e-06, 13.8734, 3.46837
0.882, 1.41422, -1.39786e-06, 1.41422, 1.96024e-06, 13.8734, 3.46837
0.894, 1.41422, -1.3566e-06, 1.41422, 2.0015e-06, 13.8734, 3.46837
0.904, 1.41422, -1.32216e-06, 1.41422, 2.03595e-06, 13.8734, 3.46837
0.914, 1.41422, -1.28765e-06, 1.41422, 2.07046e-06, 13.8734, 3.46837
0.924, 1.41422, -1.25308e-06, 1.41422, 2.10503e-06, 13.8734, 3.46837
0.936, 1.41422, -1.21152e-06, 1.41422, 2.14658e-06, 13.8734, 3.46837
0.946, 1.41422, -1.17683e-06, 1.41422, 2.18127e-06, 13.8734, 3.46837
0.956, 1.41422, -1.14209e-06, 1.41422, 2.21602e-06, 13.8734, 3.46837
0.966, 1.41422, -1.1073e-06, 1.41422, 2.25081e-06, 13.8735, 3.46837
0.976, 1.41422, -1.07246e-06, 1.41422, 2.28565e-06, 13.8735, 3.46837
0.986, 1.41422, -1.03757e-06, 1.41422, 2.32053e-06, 13.8735, 3.46837
0.996, 1.41422, -1.00264e-06, 1.41422, 2.35546e-06, 13.8735, 3.46837
1.006, 1.41422, -9.67672e-07, 1.41422, 2.39043e-06, 13.8735, 3.46837
1.018, 1.41422, -9.25652e-07, 1.41422, 2.43245e-06, 13.8735, 3.46837
1.026, 1.41422, -8.97608e-07, 1.41422, 2.4605e-06, 13.8735, 3.46837
1.038, 1.41422, -8.55496e-07, 1.41422, 2.50261e-06, 13.8735, 3.46837
1.048, 1.41422, -8.20363e-07, 1.41422, 2.53774e-06, 13.8735, 3.46837
1.058, 1.41422, -7.85195e-07, 1.41422, 2.57291e-06, 13.8735, 3.46837
1.068, 1.41422, -7.49994e-07, 1.41422, 2.60811e-06, 13.8735, 3.46837
1.078, 1.41422, -7.14761e-07, 1.41422, 2.64335e-06, 13.8735, 3.46837
1.09, 1.41422, -6.72441e-07, 1.41422, 2.68567e-06, 13.8735, 3.46837
1.1, 1.41422, -6.37141e-07, 1.41422, 2.72097e-06, 13.8735, 3.46837
1.108, 1.41422, -6.08881e-07, 1.41422, 2.74923e-06, 13.8735, 3.46837
1.12, 1.41422, -5.66459e-07, 1.41422, 2.79165e-06, 13.8735, 3.46837
1.13, 1.41422, -5.31078e-07, 1.41422, 2.82703e-06, 13.8735, 3.46837
1.14, 1.41422, -4.95672e-07, 1.41422, 2.86244e-06, 13.8735, 3.46837
1.15, 1.41422, -4.60242e-07, 1.41422, 2.89787e-06, 13.8735, 3.46837
1.16, 1.41422, -4.24789e-07, 1.41422, 2.93332e-06, 13.8735, 3.46837
1.17, 1.41422, -3.89313e-07, 1.41422, 2.9688e-06, 13.8735, 3.46837
1.18, 1.41422, -3.53816e-07, 1.41422, 3.00429e-06, 13.8735, 3.46838
1.192, 1.41422, -3.11192e-07, 1.41422, 3.04692e-06, 13.8735, 3.46838
1.202, 1.41422, -2.75651e-07, 1.41422, 3.08246e-06, 13.8735, 3.46838
1.212, 1.41422, -2.40091e-07, 1.41422, 3.11802e-06, 13.8735, 3.46838
1.222, 1.41422, -2.04512e-07, 1.41422, 3.1536e-06, 13.8735, 3.46838
1.232, 1.41422, -1.68916e-07, 1.41422, 3.1892e-06, 13.8735, 3.46838
1.242, 1.41422, -1.33303e-07, 1.41422, 3.22481e-06, 13.8735, 3.46838
1.252, 1.41422, -9.76735e-08, 1.41422, 3.26044e-06, 13.8735, 3.46838
1.262, 1.41422, -6.20288e-08, 1.41422, 3.29608e-06, 13.8735, 3.46838
1.274, 1.41422, -1.92354e-08, 1.41422, 3.33888e-06, 13.8735, 3.46838
1.284, 1.41422, 1.64416e-08, 1.41422, 3.37455e-06, 13.8735, 3.46838
1.294, 1.41422, 5.21322e-08, 1.41422, 3.41025e-06, 13.8735, 3.46838
1.304, 1.41422, 8.78361e-08, 1.41422, 3.44595e-06, 13.8735, 3.46838
1.314, 1.41422, 1.23553e-07, 1.41422, 3.48167e-06, 13.8735, 3.46838
1.324, 1.41422, 1.59281e-07, 1.41422, 3.5174e-06, 13.8735, 3.46838
1.334, 1.41422, 1.95022e-07, 1.41422, 3.55314e-06, 13.8735, 3.46838
1.344, 1.41422, 2.30774e-07, 1.41422, 3.58889e-06, 13.8735, 3.46838
1.356, 1.41422, 2.7369e-07, 1.41422, 3.6318e-06, 13.8735, 3.46838
1.366, 1.41422, 3.09465e-07, 1.41422, 3.66758e-06, 13.8735, 3.46838
1.376, 1.41422, 3.4525e-07, 1.41422, 3.70337e-06, 13.8735, 3.46838
1.386, 1.41422, 3.81045e-07, 1.41422, 3.73916e-06, 13.8735, 3.46838
1.398, 1.41422, 4.24011e-07, 1.41422, 3.78213e-06, 13.8735, 3.46838
1.406, 1.41422, 4.52661e-07, 1.41422, 3.81078e-06, 13.8735, 3.46838
1.418, 1.41422, 4.95648e-07, 1.41422, 3.85376e-06, 13.8735, 3.46838
1.428, 1.41422, 5.31479e-07, 1.41422, 3.8896e-06, 13.8735, 3.46838
1.438, 1.41422, 5.67318e-07, 1.41422, 3.92543e-06, 13.8735, 3.46838
1.448, 1.41422, 6.03164e-07, 1.41422, 3.96128e-06, 13.8735, 3.46838
1.458, 1.41422, 6.39017e-07, 1.41422, 3.99713e-06, 13.8735, 3.46838
1.468, 1.41422, 6.74878e-07, 1.41422, 4.033e-06, 13.8735, 3.46838
1.48, 1.41422, 7.17919e-07, 1.41422, 4.07604e-06, 13.8735, 3.46838
1.488, 1.41422, 7.46618e-07, 1.41422, 4.10474e-06, 13.8735, 3.46838
1.498, 1.41422, 7.82498e-07, 1.41422, 4.14062e-06, 13.8735, 3.46838
1.51, 1.41422, 8.25562e-07, 1.41422, 4.18368e-06, 13.8735, 3.46838
1.52, 1.41422, 8.61454e-07, 1.41422, 4.21957e-06, 13.8735, 3.46838
1.53, 1.41422, 8.97352e-07, 1.41422, 4.25547e-06, 13.8735, 3.46838
1.54, 1.41422, 9.33255e-07, 1.41422, 4.29137e-06, 13.8735, 3.46838
1.55, 1.41422, 9.69163e-07, 1.41422, 4.32728e-06, 13.8735, 3.46838
1.562, 1.41422, 1.01226e-06, 1.41422, 4.37038e-06, 13.8735, 3.46838
1.57, 1.41422, 1.04099e-06, 1.41422, 4.39911e-06, 13.8735, 3.46838
1.582, 1.41422, 1.0841e-06, 1.41422, 4.44222e-06, 13.8735, 3.46838
1.592, 1.41422, 1.12003e-06, 1.41422, 4.47815e-06, 13.8735, 3.46838
1.602, 1.41422, 1.15596e-06, 1.41422, 4.51408e-06, 13.8735, 3.46838
1.612, 1.41422, 1.19189e-06, 1.41422, 4.55002e-06, 13.8735, 3.46838
1.622, 1.41422, 1.22783e-06, 1.41422, 4.58596e-06, 13.8735, 3.46838
1.632, 1.41422, 1.26378e-06, 1.41422, 4.6219e-06, 13.8735, 3.46838
1.642, 1.41422, 1.29972e-06, 1.41422, 4.65784e-06, 13.8735, 3.46838
1.654, 1.41422, 1.34286e-06, 1.41422, 4.70099e-06, 13.8735, 3.46838
1.664, 1.41422, 1.37882e-06, 1.41422, 4.73694e-06, 13.8735, 3.46838
1.674, 1.41422, 1.41477e-06, 1.41422, 4.7729e-06, 13.8735, 3.46838
1.684, 1.41422, 1.45073e-06, 1.41422, 4.80886e-06, 13.8735, 3.46838
1.694, 1.41422, 1.48669e-06, 1.41422, 4.84482e-06, 13.8735, 3.46838
1.704, 1.41422, 1.52266e-06, 1.41422, 4.88078e-06, 13.8735, 3.46838
1.716, 1.41422, 1.56582e-06, 1.41422, 4.92395e-06, 13.8735, 3.46838
1.724, 1.41422, 1.5946e-06, 1.41422, 4.95272e-06, 13.8735, 3.46838
1.736, 1.41422, 1.63777e-06, 1.41422, 4.99589e-06, 13.8735, 3.46838
1.746, 1.41422, 1.67374e-06, 1.41422, 5.03187e-06, 13.8735, 3.46838
1.756, 1.41422, 1.70972e-06, 1.41422, 5.06784e-06, 13.8735, 3.46838
1.766, 1.41422, 1.7457e-06, 1.41422, 5.10382e-06, 13.8735, 3.46838
1.776, 1.41422, 1.78168e-06, 1.41422, 5.13981e-06, 13.8735, 3.46838
1.788, 1.41422, 1.82486e-06, 1.41422, 5.18299e-06, 13.8735, 3.46838
1.798, 1.41422, 1.86085e-06, 1.41422, 5.21897e-06, 13.8735, 3.46838
1.806, 1.41422, 1.88964e-06, 1.41422, 5.24776e-06, 13.8735, 3.46838
1.818, 1.41422, 1.93283e-06, 1.41422, 5.29095e-06, 13.8735, 3.46838
1.828, 1.41422, 1.96882e-06, 1.41422, 5.32694e-06, 13.8735, 3.46838
1.838, 1.41422, 2.00481e-06, 1.41422, 5.36294e-06, 13.8735, 3.46838
1.848, 1.41422, 2.04081e-06, 1.41422, 5.39893e-06, 13.8735, 3.46838
1.858, 1.41422, 2.0768e-06, 1.41422, 5.43493e-06, 13.8735, 3.46838
1.87, 1.41422, 2.12e-06, 1.41422, 5.47813e-06, 13.8735, 3.46838
1.88, 1.41422, 2.156e-06, 1.41422, 5.51413e-06, 13.8735, 3.46838
1.89, 1.41422, 2.192e-06, 1.41422, 5.55013e-06, 13.8735, 3.46838
1.9, 1.41422, 2.228e-06, 1.41422, 5.58613e-06, 13.8735, 3.46838
1.91, 1.41422, 2.264e-06, 1.41422, 5.62213e-06, 13.8735, 3.46838
1.92, 1.41422, 2.30001e-06, 1.41422, 5.65814e-06, 13.8735, 3.46838
1.932, 1.41422, 2.34322e-06, 1.41422, 5.70135e-06, 13.8735, 3.46838
1.942, 1.41422, 2.37922e-06, 1.41422, 5.73735e-06, 13.8735, 3.46838
1.952, 1.41422, 2.41523e-06, 1.41422, 5.77336e-06, 13.8735, 3.46838
1.962, 1.41422, 2.45124e-06, 1.41422, 5.80937e-06, 13.8735, 3.46838
1.972, 1.41422, 2.48725e-06, 1.41422, 5.84538e-06, 13.8735, 3.46838
1.982, 1.41422, 2.52326e-06, 1.41422, 5.88139e-06, 13.8735, 3.46838
1.992, 1.41422, 2.55927e-06, 1.41422, 5.9174e-06, 13.8735, 3.46838
2.002, 1.41422, 2.59528e-06, 1.41422, 5.95341e-06, 13.8735, 3.46838
2.012, 1.41422, 2.6313e-06, 1.41422, 5.98943e-06, 13.8735, 3.46838
2.024, 1.41422, 2.67451e-06, 1.41422, 6.03265e-06, 13.8735, 3.46838
2.034, 1.41422, 2.71053e-06, 1.41422, 6.06866e-06, 13.8735, 3.46838
2.044, 1.41422, 2.74654e-06, 1.41422, 6.10468e-06, 13.8735, 3.46838
2.054, 1.41422, 2.78256e-06, 1.41422, 6.14069e-06, 13.8735, 3.46838
2.064, 1.41422, 2.81858e-06, 1.41422, 6.17671e-06, 13.8735, 3.46838
2.074, 1.41422, 2.85459e-06, 1.41422, 6.21273e-06, 13.8735, 3.46838
2.086, 1.41422, 2.89782e-06, 1.41422, 6.25595e-06, 13.8735, 3.46838
2.094, 1.41422, 2.92663e-06, 1.41422, 6.28477e-06, 13.8735, 3.46838
2.106, 1.41422, 2.96986e-06, 1.41422, 6.32799e-06, 13.8735, 3.46838
2.116, 1.41422, 3.00588e-06, 1.41422, 6.36401e-06, 13.8736, 3.46838
2.126, 1.41422, 3.0419e-06, 1.41422, 6.40003e-06, 13.8736, 3.46838
2.136, 1.41422, 3.07792e-06, 1.41422, 6.43605e-06, 13.8736, 3.46838
2.146, 1.41422, 3.11394e-06, 1.41422, 6.47207e-06, 13.8736, 3.46838
2.158, 1.41423, 3.15717e-06, 1.41423, 6.5153e-06, 13.8736, 3.46838
2.166, 1.41423, 3.18598e-06, 1.41423, 6.54412e-06, 13.8736, 3.46838
2.176, 1.41423, 3.22201e-06, 1.41423, 6.58014e-06, 13.8736, 3.46838
2.188, 1.41423, 3.26523e-06, 1.41423, 6.62337e-06, 13.8736, 3.46838
2.198, 1.41423, 3.30126e-06, 1.41423, 6.6594e-06, 13.8736, 3.46838
2.208, 1.41423, 3.33728e-06, 1.41423, 6.69542e-06, 13.8736, 3.46838
2.218, 1.41423, 3.37331e-06, 1.41423, 6.73144e-06, 13.8736, 3.46838
2.228, 1.41423, 3.40933e-06, 1.41423, 6.76747e-06, 13.8736, 3.46838
2.238, 1.41423, 3.44536e-06, 1.41423, 6.80349e-06, 13.8736, 3.46838
2.248, 1.41423, 3.48138e-06, 1.41423, 6.83952e-06, 13.8736, 3.46838
2.26, 1.41423, 3.52461e-06, 1.41423, 6.88275e-06, 13.8736, 3.46838
2.27, 1.41423, 3.56064e-06, 1.41423, 6.91878e-06, 13.8736, 3.46838
2.28, 1.41423, 3.59667e-06, 1.41423, 6.95481e-06, 13.8736, 3.46838
2.29, 1.41423, 3.63269e-06, 1.41423, 6.99083e-06, 13.8736, 3.46838
2.3, 1.41423, 3.66872e-06, 1.41423, 7.02686e-06, 13.8736, 3.46838
2.31, 1.41423, 3.70475e-06, 1.41423, 7.06289e-06, 13.8736, 3.46838
2.322, 1.41423, 3.74798e-06, 1.41423, 7.10612e-06, 13.8736, 3.46839
2.332, 1.41423, 3.78401e-06, 1.41423, 7.14215e-06, 13.8736, 3.46839
2.342, 1.41423, 3.82004e-06, 1.41423, 7.17818e-06, 13.8736, 3.46839
2.352, 1.41423, 3.85606e-06, 1.41423, 7.21421e-06, 13.8736, 3.46839
2.362, 1.41423, 3.89209e-06, 1.41423, 7.25023e-06, 13.8736, 3.46839
2.372, 1.41423, 3.92812e-06, 1.41423, 7.28626e-06, 13.8736, 3.46839
2.382, 1.41423, 3.96415e-06, 1.41423, 7.32229e-06, 13.8736, 3.46839
2.394, 1.41423, 4.00739e-06, 1.41423, 7.36553e-06, 13.8736, 3.46839
2.402, 1.41423, 4.03621e-06, 1.41423, 7.39435e-06, 13.8736, 3.46839
2.414, 1.41423, 4.07944e-06, 1.41423, 7.43759e-06, 13.8736, 3.46839
2.424, 1.41423, 4.11547e-06, 1.41423, 7.47362e-06, 13.8736, 3.46839
2.434, 1.41423, 4.1515e-06, 1.41423, 7.50965e-06, 13.8736, 3.46839
2.444, 1.41423, 4.18753e-06, 1.41423, 7.54568e-06, 13.8736, 3.46839
2.456, 1.41423, 4.23077e-06, 1.41423, 7.58891e-06, 13.8736, 3.46839
2.464, 1.41423, 4.25959e-06, 1.41423, 7.61774e-06, 13.8736, 3.46839
2.476, 1.41423, 4.30283e-06, 1.41423, 7.66097e-06, 13.8736, 3.46839
2.486, 1.41423, 4.33886e-06, 1.41423, 7.697e-06, 13.8736, 3.46839
2.496, 1.41423, 4.37489e-06, 1.41423, 7.73304e-06, 13.8736, 3.46839
2.506, 1.41423, 4.41092e-06, 1.41423, 7.76907e-06, 13.8736, 3.46839
2.516, 1.41423, 4.44695e-06, 1.41423, 7.8051e-06, 13.8736, 3.46839
2.526, 1.41423, 4.48298e-06, 1.41423, 7.84113e-06, 13.8736, 3.46839
2.536, 1.41423, 4.51901e-06, 1.41423, 7.87716e-06, 13.8736, 3.46839
2.546, 1.41423, 4.55504e-06, 1.41423, 7.91319e-06, 13.8736, 3.46839
2.556, 1.41423, 4.59108e-06, 1.41423, 7.94922e-06, 13.8736, 3.46839
2.568, 1.41423, 4.63431e-06, 1.41423, 7.99246e-06, 13.8736, 3.46839
2.578, 1.41423, 4.67034e-06, 1.41423, 8.02849e-06, 13.8736, 3.46839
2.588, 1.41423, 4.70638e-06, 1.41423, 8.06452e-06, 13.8736, 3.46839
2.598, 1.41423, 4.74241e-06, 1.41423, 8.10056e-06, 13.8736, 3.46839
2.608, 1.41423, 4.77844e-06, 1.41423, 8.13659e-06, 13.8736, 3.46839
2.618, 1.41423, 4.81447e-06, 1.41423, 8.17262e-06, 13.8736, 3.46839
2.63, 1.41423, 4.85771e-06, 1.41423, 8.21586e-06, 13.8736, 3.46839
2.64, 1.41423, 4.89374e-06, 1.41423, 8.25189e-06, 13.8736, 3.46839
2.65, 1.41423, 4.92977e-06, 1.41423, 8.28792e-06, 13.8736, 3.46839
2.66, 1.41423, 4.9658e-06, 1.41423, 8.32395e-06, 13.8736, 3.46839
2.67, 1.41423, 5.00184e-06, 1.41423, 8.35999e-06, 13.8736, 3.46839
2.68, 1.41423, 5.03787e-06, 1.41423, 8.39602e-06, 13.8736, 3.46839
2.69, 1.41423, 5.0739e-06, 1.41423, 8.43205e-06, 13.8736, 3.46839
2.7, 1.41423, 5.10993e-06, 1.41423, 8.46808e-06, 13.8736, 3.46839
2.712, 1.41423, 5.15317e-06, 1.41423, 8.51132e-06, 13.8736, 3.46839
2.72, 1.41423, 5.182e-06, 1.41423, 8.54015e-06, 13.8736, 3.46839
2.732, 1.41423, 5.22524e-06, 1.41423, 8.58339e-06, 13.8736, 3.46839
2.742, 1.41423, 5.26127e-06, 1.41423, 8.61942e-06, 13.8736, 3.46839
2.752, 1.41423, 5.2973e-06, 1.41423, 8.65545e-06, 13.8736, 3.46839
2.762, 1.41423, 5.33333e-06, 1.41423, 8.69149e-06, 13.8736, 3.46839
2.772, 1.41423, 5.36937e-06, 1.41423, 8.72752e-06, 13.8736, 3.46839
2.782, 1.41423, 5.4054e-06, 1.41423, 8.76355e-06, 13.8736, 3.46839
2.794, 1.41423, 5.44864e-06, 1.41423, 8.80679e-06, 13.8736, 3.46839
2.804, 1.41423, 5.48467e-06, 1.41423, 8.84282e-06, 13.8736, 3.46839
2.814, 1.41423, 5.5207e-06, 1.41423, 8.87886e-06, 13.8736, 3.46839
2.824, 1.41423, 5.55674e-06, 1.41423, 8.91489e-06, 13.8736, 3.46839
2.834, 1.41423, 5.59277e-06, 1.41423, 8.95092e-06, 13.8736, 3.46839
2.844, 1.41423, 5.6288e-06, 1.41423, 8.98696e-06, 13.8736, 3.46839
2.854, 1.41423, 5.66483e-06, 1.41423, 9.02299e-06, 13.8736, 3.46839
2.864, 1.41423, 5.70087e-06, 1.41423, 9.05902e-06, 13.8736, 3.46839
2.876, 1.41423, 5.74411e-06, 1.41423, 9.10226e-06, 13.8736, 3.46839
2.886, 1.41423, 5.78014e-06, 1.41423, 9.13829e-06, 13.8736, 3.46839
2.896, 1.41423, 5.81617e-06, 1.41423, 9.17433e-06, 13.8736, 3.46839
2.906, 1.41423, 5.8522e-06, 1.41423, 9.21036e-06, 13.8736, 3.46839
2.916, 1.41423, 5.88824e-06, 1.41423, 9.24639e-06, 13.8736, 3.46839
2.928, 1.41423, 5.93148e-06, 1.41423, 9.28963e-06, 13.8736, 3.46839
2.936, 1.41423, 5.9603e-06, 1.41423, 9.31846e-06, 13.8736, 3.46839
2.946, 1.41423, 5.99634e-06, 1.41423, 9.35449e-06, 13.8736, 3.46839
2.958, 1.41423, 6.03958e-06, 1.41423, 9.39773e-06, 13.8736, 3.46839
2.968, 1.41423, 6.07561e-06, 1.41423, 9.43377e-06, 13.8736, 3.46839
2.978, 1.41423, 6.11164e-06, 1.41423, 9.4698e-06, 13.8736, 3.46839
2.988, 1.41423, 6.14767e-06, 1.41423, 9.50583e-06, 13.8736, 3.46839
3, 1.41423, 6.18371e-06, 1.41423, 9.54907e-06, 13.8736, 3.46839
3.008, 1.41426, 0.00251921, 1.41424, 1.11494e-05, 14.689, 3.33817
3.02, 1.41443, 0.00628525, 1.41435, 4.57346e-05, 14.879, 3.4735
3.03, 1.41467, 0.00941703, 1.41449, 0.000134151, 15.0132, 3.56469
3.04, 1.41502, 0.0125395, 1.41468, 0.000300877, 15.1267, 3.63768
3.05, 1.41546, 0.0156496, 1.41489, 0.000564126, 15.221, 3.69387
3.06, 1.416, 0.0187443, 1.41511, 0.000938241, 15.2973, 3.73472
3.07, 1.41664, 0.0218205, 1.41533, 0.00143402, 15.3571, 3.7617
3.08, 1.41737, 0.0248752, 1.41555, 0.00205905, 15.4019, 3.77629
3.09, 1.4182, 0.0279053, 1.41578, 0.00281802, 15.4329, 3.77992
3.102, 1.41932, 0.0315049, 1.41604, 0.00390842, 15.4541, 3.77181
3.112, 1.42036, 0.0344705, 1.41626, 0.00496642, 15.4599, 3.75623
3.122, 1.42149, 0.0374021, 1.41648, 0.00615767, 15.4562, 3.73399
3.132, 1.42271, 0.0402968, 1.41671, 0.00747812, 15.4444, 3.70629
3.142, 1.42402, 0.0431518, 1.41696, 0.00892239, 15.4254, 3.67425
3.152, 1.42542, 0.0459642, 1.41723, 0.010484, 15.4004, 3.6389
3.162, 1.4269, 0.0487312, 1.41752, 0.0121555, 15.3702, 3.60116
3.172, 1.42848, 0.0514502, 1.41785, 0.013929, 15.3359, 3.56189
3.184, 1.43048, 0.0546456, 1.4183, 0.0161796, 15.2903, 3.51381
3.194, 1.43224, 0.0572494, 1.41873, 0.0181468, 15.2495, 3.47372
3.204, 1.43407, 0.0597967, 1.41922, 0.0201876, 15.2067, 3.43421
3.214, 1.43599, 0.062285, 1.41978, 0.022293, 15.1625, 3.39579
3.224, 1.43799, 0.0647118, 1.42041, 0.0244539, 15.1175, 3.35885
3.234, 1.44006, 0.0670748, 1.42111, 0.0266615, 15.072, 3.32373
3.244, 1.4422, 0.0693715, 1.4219, 0.0289071, 15.0264, 3.2907
3.256, 1.44487, 0.0720371, 1.42296, 0.0316402, 14.972, 3.25412
3.266, 1.44716, 0.0741804, 1.42395, 0.0339403, 14.9272, 3.22634
3.276, 1.44953, 0.0762504, 1.42503, 0.0362527, 14.8831, 3.20113
3.286, 1.45195, 0.0782453, 1.42622, 0.0385702, 14.8399, 3.17854
3.296, 1.45444, 0.0801629, 1.42751, 0.0408858, 14.7976, 3.15856
3.308, 1.4575, 0.0823595, 1.42919, 0.0436528, 14.7484, 3.13801
3.316, 1.45959, 0.083759, 1.43039, 0.0454856, 14.7165, 3.12633
3.328, 1.46279, 0.0857589, 1.43233, 0.0482094, 14.6701, 3.11176
3.338, 1.46551, 0.0873324, 1.43405, 0.0504501, 14.6329, 3.10221
3.348, 1.46827, 0.0888198, 1.43589, 0.052659, 14.5969, 3.09488
3.358, 1.47109, 0.0902196, 1.43782, 0.0548313, 14.5622, 3.08965
3.368, 1.47394, 0.0915303, 1.43986, 0.0569627, 14.5288, 3.08639
3.38, 1.47742, 0.0929838, 1.44243, 0.0594606, 14.4903, 3.08488
3.388, 1.47977, 0.0938796, 1.44422, 0.0610864, 14.4657, 3.08522
3.4, 1.48333, 0.0951118, 1.44703, 0.0634616, 14.4303, 3.08756
3.41, 1.48633, 0.0960356, 1.44946, 0.065379, 14.4021, 3.09105
3.42, 1.48936, 0.0968645, 1.45198, 0.0672365, 14.3751, 3.09579
3.43, 1.49242, 0.0975979, 1.45458, 0.0690313, 14.3493, 3.10166
3.44, 1.49549, 0.0982349, 1.45726, 0.0707606, 14.3247, 3.10853
3.452, 1.49921, 0.0988714, 1.46057, 0.0727456, 14.2967, 3.11796
3.462, 1.50232, 0.0992945, 1.4634, 0.0743216, 14.2746, 3.12667
3.472, 1.50482, 0.0995624, 1.4663, 0.0758241, 14.2537, 3.13606
3.482, 1.50858, 0.0998464, 1.46925, 0.0772509, 14.234, 3.14604
3.492, 1.51172, 0.0999746, 1.47226, 0.0785998, 14.2154, 3.15653
3.502, 1.51486, 0.100004, 1.47532, 0.0798689, 14.198, 3.16748
3.512, 1.518, 0.0999351, 1.47842, 0.0810563, 14.1818, 3.17881
3.524, 1.52176, 0.0997221, 1.4822, 0.0823708, 14.164, 3.19285
3.534, 1.52489, 0.0994363, 1.48539, 0.0833723, 14.1505, 3.20487
3.544, 1.52801, 0.0990523, 1.4886, 0.0842867, 14.1382, 3.21713
3.554, 1.53111, 0.0985707, 1.49184, 0.0851126, 14.1271, 3.22961
3.564, 1.5342, 0.0979917, 1.4951, 0.0858485, 14.1174, 3.24229
3.574, 1.53727, 0.097316, 1.49837, 0.0864933, 14.1089, 3.25513
3.584, 1.54032, 0.0965444, 1.50166, 0.0870458, 14.1018, 3.26814
3.596, 1.54394, 0.0954927, 1.50561, 0.0875854, 14.0949, 3.28395
3.604, 1.54633, 0.094716, 1.50824, 0.0878697, 14.0915, 3.29461
3.614, 1.54928, 0.0936612, 1.51154, 0.0881393, 14.0884, 3.30805
3.626, 1.55279, 0.0922735, 1.51548, 0.0883363, 14.0865, 3.32437
3.636, 1.55567, 0.0910168, 1.51875, 0.0883943, 14.0864, 3.33812
3.646, 1.55851, 0.0896703, 1.52201, 0.0883553, 14.0877, 3.35202
3.656, 1.5613, 0.0882353, 1.52526, 0.088219, 14.0905, 3.36606
3.666, 1.56405, 0.0867133, 1.52848, 0.0879852, 14.0946, 3.38026
3.678, 1.56728, 0.084774, 1.53231, 0.0875759, 14.1014, 3.3975
3.688, 1.56992, 0.0830658, 1.53547, 0.0871275, 14.1086, 3.41205
3.698, 1.5725, 0.0812756, 1.53859, 0.0865819, 14.1171, 3.42676
3.708, 1.57502, 0.0794052, 1.54169, 0.0859395, 14.127, 3.44164
3.718, 1.57749, 0.0774565, 1.54474, 0.0852007, 14.1383, 3.45669
3.728, 1.57989, 0.0754313, 1.54775, 0.0843661, 14.1509, 3.47192
3.738, 1.58223, 0.0733317, 1.55071, 0.0834366, 14.1647, 3.48733
3.75, 1.58494, 0.0707169, 1.55421, 0.0821972, 14.183, 3.50605
3.76, 1.58713, 0.0684609, 1.55706, 0.0810621, 14.1996, 3.52184
3.77, 1.58924, 0.0661374, 1.55986, 0.0798355, 14.2173, 3.5378
3.78, 1.59128, 0.0637486, 1.56261, 0.0785187, 14.2362, 3.55393
3.79, 1.59325, 0.0612969, 1.5653, 0.0771131, 14.2561, 3.57022
3.8, 1.59513, 0.0587847, 1.56793, 0.0756203, 14.2771, 3.58666
3.812, 1.59729, 0.0556938, 1.57099, 0.0737162, 14.3036, 3.60659
3.822, 1.599, 0.0530573, 1.57348, 0.0720378, 14.3267, 3.62334
3.832, 1.60062, 0.0503685, 1.5759, 0.070278, 14.3506, 3.64023
3.842, 1.60216, 0.04763, 1.57824, 0.0684391, 14.3754, 3.65722
3.852, 1.60362, 0.0448445, 1.58052, 0.0665231, 14.4009, 3.67432
3.862, 1.60498, 0.0420148, 1.58272, 0.0645323, 14.4271, 3.69151
3.872, 1.60625, 0.0391436, 1.58485, 0.0624691, 14.4539, 3.70877
3.882, 1.60744, 0.0362337, 1.5869, 0.0603361, 14.4813, 3.72609
3.892, 1.60853, 0.0332882, 1.58888, 0.0581356, 14.5092, 3.74345
3.904, 1.60972, 0.0297104, 1.59114, 0.05541, 14.5433, 3.76432
3.914, 1.6106, 0.0266964, 1.59294, 0.0530708, 14.5721, 3.78172
3.924, 1.61139, 0.0236561, 1.59465, 0.050673, 14.6013, 3.79911
3.934, 1.61209, 0.0205925, 1.59628, 0.0482194, 14.6306, 3.81648
3.944, 1.61269, 0.0175085, 1.59783, 0.045713, 14.6602, 3.8338
3.954, 1.61319, 0.0144073, 1.59929, 0.0431567, 14.6899, 3.85107
3.964, 1.61359, 0.0112918, 1.60067, 0.0405536, 14.7197, 3.86825
3.974, 1.6139, 0.00816526, 1.60195, 0.0379066, 14.7495, 3.88533
3.984, 1.6141, 0.00503063, 1.60315, 0.035219, 14.7792, 3.90231
3.994, 1.61421, 0.00189104, 1.60426, 0.0324939, 14.8089, 3.91915
4.006, 1.61421, -0.00187865, 1.60548, 0.0291786, 14.8443, 3.93915
4.016, 1.6141, -0.00501823, 1.60639, 0.026382, 14.8736, 3.95564
4.026, 1.6139, -0.00815286, 1.60721, 0.0235581, 14.9027, 3.97194
4.036, 1.61359, -0.0112794, 1.60794, 0.0207101, 14.9315, 3.98804
4.046, 1.61319, -0.0143949, 1.60858, 0.0178411, 14.9599, 4.00392
4.056, 1.61269, -0.0174961, 1.60913, 0.0149545, 14.9879, 4.01956
4.066, 1.61209, -0.0205801, 1.60959, 0.0120534, 15.0156, 4.03495
4.076, 1.61139, -0.0236437, 1.60996, 0.00914113, 15.0427, 4.05008
4.088, 1.61043, -0.027289, 1.61027, 0.00563605, 15.0747, 4.06785
4.098, 1.60953, -0.0302973, 1.61044, 0.00271031, 15.1008, 4.08233
4.108, 1.60853, -0.0332758, 1.61051, -0.000216451, 15.1263, 4.0965
4.118, 1.60744, -0.0362213, 1.61049, -0.00314107, 15.1512, 4.11034
4.13, 1.60601, -0.0397086, 1.61034, -0.00664338, 15.1803, 4.12649
4.138, 1.60498, -0.0420024, 1.61017, -0.0089714, 15.1992, 4.13698
4.15, 1.60333, -0.0453929, 1.60981, -0.0124492, 15.2267, 4.15226
4.16, 1.60186, -0.0481692, 1.60941, -0.015331, 15.2489, 4.16457
4.17, 1.60031, -0.0508979, 1.60892, -0.0181947, 15.2704, 4.17649
4.18, 1.59866, -0.0535765, 1.60834, -0.0210374, 15.2912, 4.188
4.19, 1.59694, -0.0562021, 1.60768, -0.0238562, 15.3112, 4.19908
4.2, 1.59513, -0.0587723, 1.60692, -0.0266481, 15.3305, 4.20974
4.21, 1.59325, -0.0612845, 1.60608, -0.0294105, 15.3491, 4.21995
4.222, 1.59088, -0.0642191, 1.60496, -0.0326822, 15.3703, 4.23161
4.23, 1.58924, -0.066125, 1.60415, -0.0348352, 15.3839, 4.23901
4.242, 1.5867, -0.0689052, 1.60282, -0.0380188, 15.4033, 4.24953
4.252, 1.5845, -0.0711474, 1.60163, -0.0406271, 15.4186, 4.25777
4.262, 1.58223, -0.0733193, 1.60035, -0.0431918, 15.4331, 4.26551
4.272, 1.57989, -0.0754189, 1.59899, -0.0457106, 15.4469, 4.27274
4.282, 1.57749, -0.0774441, 1.59756, -0.0481811, 15.4598, 4.27946
4.292, 1.57502, -0.0793928, 1.59604, -0.0506008, 15.472, 4.28565
4.304, 1.57199, -0.0816277, 1.59413, -0.0534342, 15.4855, 4.29237
4.314, 1.5694, -0.0834016, 1.59245, -0.0557342, 15.496, 4.29737
4.324, 1.56675, -0.0850933, 1.59069, -0.0579764, 15.5056, 4.30182
4.334, 1.56405, -0.0867009, 1.58887, -0.0601585, 15.5145, 4.30572
4.344, 1.5613, -0.0882229, 1.58697, -0.0622787, 15.5226, 4.30904
4.354, 1.55851, -0.0896579, 1.585, -0.0643349, 15.53, 4.31179
4.366, 1.5551, -0.091263, 1.58256, -0.0667153, 15.5378, 4.31432
4.376, 1.55221, -0.0925015, 1.58045, -0.0686242, 15.5435, 4.31578
4.386, 1.54928, -0.0936488, 1.57827, -0.0704634, 15.5485, 4.31664
4.396, 1.54633, -0.0947036, 1.57604, -0.0722313, 15.5527, 4.3169
4.406, 1.54333, -0.095665, 1.57375, -0.0739261, 15.5562, 4.31656
4.416, 1.54032, -0.096532, 1.57139, -0.0755465, 15.559, 4.3156
4.426, 1.53727, -0.0973037, 1.56899, -0.077091, 15.5611, 4.31403
4.436, 1.5342, -0.0979793, 1.56653, -0.0785583, 15.5625, 4.31185
4.448, 1.53049, -0.0986624, 1.56351, -0.0802152, 15.5632, 4.3084
4.458, 1.52739, -0.0991246, 1.56094, -0.0815081, 15.5631, 4.30484
4.468, 1.52427, -0.0994889, 1.55832, -0.08272, 15.5623, 4.30065
4.478, 1.52114, -0.0997551, 1.55566, -0.0838498, 15.5609, 4.29584
4.488, 1.518, -0.0999227, 1.55296, -0.0848966, 15.5588, 4.2904
4.498, 1.51486, -0.0999918, 1.55022, -0.0858595, 15.5561, 4.28433
4.508, 1.51172, -0.0999622, 1.54745, -0.0867378, 15.5528, 4.27764
4.518, 1.50858, -0.099834, 1.54463, -0.0875308, 15.5489, 4.27032
4.53, 1.50482, -0.09955, 1.54122, -0.0883688, 15.5434, 4.26072
4.54, 1.5017, -0.0992053, 1.53834, -0.0889719, 15.5381, 4.25204
4.55, 1.49859, -0.0987626, 1.53544, -0.089488, 15.5323, 4.24275
4.56, 1.49549, -0.0982225, 1.53251, -0.0899168, 15.526, 4.23285
4.57, 1.49242, -0.0975855, 1.52957, -0.0902579, 15.519, 4.22235
4.58, 1.48936, -0.0968521, 1.5266, -0.0905111, 15.5116, 4.21126
4.59, 1.48633, -0.0960232, 1.52362, -0.0906764, 15.5036, 4.19959
4.602, 1.48273, -0.0949034, 1.52003, -0.0907586, 15.4933, 4.18482
4.612, 1.47977, -0.0938672, 1.51703, -0.0907304, 15.4841, 4.17189
4.622, 1.47684, -0.0927383, 1.51402, -0.0906145, 15.4745, 4.15841
4.632, 1.47394, -0.0915179, 1.51101, -0.090411, 15.4644, 4.14439
4.642, 1.47109, -0.0902072, 1.50799, -0.0901204, 15.4538, 4.12984
4.652, 1.46827, -0.0888074, 1.50498, -0.0897429, 15.4427, 4.11478
4.662, 1.46551, -0.08732, 1.50198, -0.0892791, 15.4311, 4.09923
4.672, 1.46279, -0.0857465, 1.49898, -0.0887296, 15.4192, 4.08319
4.684, 1.45959, -0.0837466, 1.4954, -0.0879578, 15.4042, 4.06334
4.694, 1.45699, -0.081989, 1.49244, -0.0872219, 15.3913, 4.04631
4.704, 1.45444, -0.0801505, 1.48949, -0.0864024, 15.3779, 4.02886
4.714, 1.45195, -0.0782329, 1.48656, -0.0855004, 15.3642, 4.011
4.724, 1.44953, -0.0762381, 1.48366, -0.0845167, 15.35, 3.99277
4.736, 1.4467, -0.0737451, 1.48021, -0.08323, 15.3325, 3.97041
4.744, 1.44487, -0.0720247, 1.47793, -0.0823086, 15.3205, 3.95524
4.756, 1.4422, -0.0693591, 1.47456, -0.0808326, 15.3022, 3.93211
4.766, 1.44006, -0.0670624, 1.47179, -0.079518, 15.2865, 3.91251
4.776, 1.43799, -0.0646994, 1.46906, -0.0781278, 15.2704, 3.89266
4.786, 1.43599, -0.0622726, 1.46636, -0.0766635, 15.254, 3.87258
4.796, 1.43407, -0.0597843, 1.46372, -0.0751265, 15.2373, 3.85228
4.806, 1.43224, -0.057237, 1.46112, -0.0735182, 15.2203, 3.8318
4.818, 1.43014, -0.0541059, 1.45807, -0.0714966, 15.1995, 3.80702
4.828, 1.42848, -0.0514378, 1.45558, -0.0697374, 15.1818, 3.78624
4.838, 1.4269, -0.0487188, 1.45315, -0.0679122, 15.1639, 3.76536
4.848, 1.42542, -0.0459518, 1.45078, -0.0660229, 15.1457, 3.74441
4.858, 1.42402, -0.0431394, 1.44847, -0.0640712, 15.1272, 3.72342
4.868, 1.42271, -0.0402844, 1.44623, -0.0620591, 15.1085, 3.70243
4.878, 1.42149, -0.0373897, 1.44405, -0.0599884, 15.0896, 3.68144
4.888, 1.42036, -0.0344581, 1.44194, -0.0578612, 15.0704, 3.66051
4.9, 1.41913, -0.0308955, 1.43949, -0.0552367, 15.0472, 3.63548
4.91, 1.4182, -0.0278929, 1.43754, -0.0529923, 15.0276, 3.61474
4.92, 1.41737, -0.0248628, 1.43566, -0.0506979, 15.0078, 3.59414
4.93, 1.41664, -0.0218081, 1.43386, -0.0483559, 14.9879, 3.57369
4.94, 1.416, -0.0187319, 1.43214, -0.0459682, 14.9678, 3.55344
4.95, 1.41546, -0.0156372, 1.43051, -0.0435373, 14.9476, 3.53339
4.96, 1.41502, -0.0125271, 1.42895, -0.0410654, 14.9273, 3.51359
4.972, 1.41462, -0.00877892, 1.4272, -0.0380483, 14.9027, 3.49019
4.982, 1.41439, -0.00564566, 1.42583, -0.0354944, 14.8822, 3.471
4.992, 1.41426, -0.00250681, 1.42455, -0.0329071, 14.8616, 3.45214
5.002, 1.41423, 0.000634513, 1.42337, -0.0302887, 14.8409, 3.43362
5.012, 1.4143, 0.00377522, 1.42227, -0.0276417, 14.8201, 3.41546
5.022, 1.41447, 0.0069122, 1.42127, -0.0249686, 14.7994, 3.39769
5.032, 1.41474, 0.0100424, 1.42036, -0.0222718, 14.7786, 3.38033
5.044, 1.41518, 0.0137852, 1.41939, -0.0190081, 14.7537, 3.36006
5.054, 1.41567, 0.0168895, 1.41869, -0.0162682, 14.733, 3.34366
5.064, 1.41625, 0.0199772, 1.41809, -0.0135128, 14.7123, 3.32773
5.074, 1.41692, 0.0230451, 1.41758, -0.0107445, 14.6916, 3.31229
5.084, 1.41769, 0.0260903, 1.41717, -0.00796578, 14.6711, 3.29734
5.094, 1.41856, 0.0291098, 1.41686, -0.00517931, 14.6506, 3.28291
5.106, 1.41972, 0.032695, 1.41662, -0.00182897, 14.6262, 3.26629
5.116, 1.4208, 0.0356474, 1.41653, 0.000965386, 14.606, 3.25303
5.126, 1.42196, 0.0385646, 1.41654, 0.00375914, 14.586, 3.24033
5.136, 1.42322, 0.0414438, 1.41664, 0.00654966, 14.5661, 3.22819
5.146, 1.42457, 0.044282, 1.41685, 0.00933432, 14.5465, 3.21663
5.156, 1.426, 0.0470766, 1.41716, 0.0121105, 14.527, 3.20565
5.166, 1.42752, 0.0498247, 1.41756, 0.0148755, 14.5078, 3.19526
5.176, 1.42913, 0.0525237, 1.41806, 0.0176268, 14.4889, 3.18546
5.188, 1.43117, 0.0556938, 1.41879, 0.0209065, 14.4665, 3.17449
5.198, 1.43296, 0.0582752, 1.41951, 0.0236183, 14.4482, 3.16602
5.208, 1.43483, 0.0607992, 1.42032, 0.0263079, 14.4301, 3.15816
5.218, 1.43678, 0.0632632, 1.42123, 0.0289729, 14.4125, 3.1509
5.228, 1.43881, 0.0656648, 1.42223, 0.0316106, 14.3952, 3.14426
5.238, 1.44091, 0.0680015, 1.42332, 0.0342184, 14.3782, 3.13823
5.248, 1.44308, 0.0702712, 1.42451, 0.0367938, 14.3617, 3.13281
5.26, 1.44578, 0.0729031, 1.42605, 0.0398379, 14.3425, 3.12712
5.268, 1.44763, 0.0746003, 1.42715, 0.0418373, 14.33, 3.12381
5.278, 1.45001, 0.0766555, 1.4286, 0.0443005, 14.3148, 3.12022
5.29, 1.45294, 0.0790217, 1.43046, 0.0472001, 14.2972, 3.11671
5.3, 1.45545, 0.0809079, 1.4321, 0.0495669, 14.2831, 3.11445
5.31, 1.45802, 0.0827143, 1.43382, 0.051886, 14.2695, 3.11278
5.32, 1.46065, 0.084439, 1.43562, 0.0541552, 14.2565, 3.11171
5.33, 1.46333, 0.0860804, 1.4375, 0.056372, 14.244, 3.11122
5.34, 1.46606, 0.0876369, 1.43945, 0.0585343, 14.2321, 3.11131
5.35, 1.46883, 0.0891069, 1.44148, 0.0606399, 14.2209, 3.11197
5.362, 1.47222, 0.0907546, 1.44402, 0.0630885, 14.2081, 3.11352
5.372, 1.47509, 0.0920294, 1.4462, 0.0650615, 14.1982, 3.11543
5.382, 1.478, 0.0932133, 1.44845, 0.0669709, 14.189, 3.11789
5.392, 1.48095, 0.0943053, 1.45077, 0.0688148, 14.1804, 3.12089
5.402, 1.48393, 0.0953041, 1.45315, 0.0705911, 14.1726, 3.12444
5.444, 1.49673, 0.0984626, 1.46375, 0.0772726, 14.1473, 3.14502
5.454, 1.49983, 0.0989638, 1.46641, 0.0786687, 14.1432, 3.15123
5.464, 1.50295, 0.0993673, 1.46911, 0.0799866, 14.1398, 3.15792
5.474, 1.50607, 0.0996728, 1.47185, 0.0812249, 14.1373, 3.1651
5.484, 1.50921, 0.0998799, 1.47464, 0.0823821, 14.1355, 3.17274
5.496, 1.51297, 0.0999983, 1.47803, 0.083662, 14.1343, 3.18251
5.506, 1.51612, 0.0999884, 1.48089, 0.0846364, 14.1342, 3.19115
5.516, 1.51926, 0.0998799, 1.48378, 0.085526, 14.135, 3.20022
5.526, 1.52239, 0.0996728, 1.4867, 0.0863297, 14.1364, 3.20972
5.536, 1.52552, 0.0993673, 1.48964, 0.0870465, 14.1387, 3.21964
5.546, 1.52863, 0.0989638, 1.49261, 0.0876755, 14.1418, 3.22996
5.556, 1.53173, 0.0984626, 1.49559, 0.0882162, 14.1457, 3.24068
5.566, 1.53482, 0.0978643, 1.49859, 0.0886677, 14.1503, 3.25179
5.578, 1.53849, 0.0970189, 1.5022, 0.089091, 14.1569, 3.26561
5.588, 1.54153, 0.096209, 1.50522, 0.0893446, 14.1633, 3.27753
5.598, 1.54453, 0.0953041, 1.50825, 0.0895077, 14.1704, 3.2898
5.608, 1.54751, 0.0943053, 1.51128, 0.0895799, 14.1783, 3.30241
5.618, 1.55046, 0.0932133, 1.51431, 0.0895611, 14.1869, 3.31536
5.628, 1.55337, 0.0920294, 1.51733, 0.0894513, 14.1963, 3.32861
5.638, 1.55624, 0.0907546, 1.52035, 0.0892505, 14.2063, 3.34218
5.65, 1.55963, 0.0891069, 1.52396, 0.0888898, 14.2194, 3.35885
5.66, 1.56241, 0.0876369, 1.52696, 0.0884895, 14.231, 3.37305
5.67, 1.56514, 0.0860804, 1.52994, 0.0879992, 14.2433, 3.38751
5.68, 1.56781, 0.084439, 1.5329, 0.0874191, 14.2562, 3.40224
5.69, 1.57044, 0.0827143, 1.53584, 0.08675, 14.2698, 3.4172
5.7, 1.57301, 0.0809079, 1.53875, 0.0859925, 14.2841, 3.4324
5.71, 1.57552, 0.0790217, 1.54164, 0.0851473, 14.2989, 3.44782
5.72, 1.57797, 0.0770575, 1.5445, 0.0842153, 14.3143, 3.46345
5.732, 1.58083, 0.0746003, 1.54789, 0.0829837, 14.3335, 3.48246
5.742, 1.58314, 0.0724715, 1.55068, 0.0818643, 14.3501, 3.49849
5.752, 1.58538, 0.0702712, 1.55342, 0.0806614, 14.3672, 3.5147
5.762, 1.58756, 0.0680015, 1.55613, 0.0793765, 14.3848, 3.53105
5.772, 1.58966, 0.0656648, 1.55879, 0.0780108, 14.4029, 3.54755
5.784, 1.59208, 0.0627753, 1.56193, 0.0762673, 14.4251, 3.5675
5.794, 1.59401, 0.0602992, 1.56449, 0.0747289, 14.4441, 3.58426
5.804, 1.59587, 0.0577635, 1.56699, 0.0731147, 14.4635, 3.60111
5.814, 1.59764, 0.0551708, 1.56945, 0.0714263, 14.4832, 3.61805
5.824, 1.59933, 0.0525237, 1.57185, 0.0696654, 14.5033, 3.63506
5.834, 1.60094, 0.0498247, 1.57419, 0.0678339, 14.5237, 3.65213
5.844, 1.60246, 0.0470766, 1.57647, 0.0659338, 14.5444, 3.66924
5.856, 1.60417, 0.0437178, 1.57913, 0.0635658, 14.5695, 3.68982
5.866, 1.6055, 0.0408711, 1.58128, 0.0615217, 14.5907, 3.70699
5.876, 1.60674, 0.0379841, 1.58335, 0.0594156, 14.6121, 3.72416
5.886, 1.60789, 0.0350596, 1.58536, 0.0572496, 14.6337, 3.74131
5.896, 1.60894, 0.0321006, 1.5873, 0.0550261, 14.6554, 3.75845
5.906, 1.6099, 0.0291098, 1.58917, 0.0527472, 14.6772, 3.77555
5.916, 1.61077, 0.0260903, 1.59097, 0.0504155, 14.6992, 3.7926
5.928, 1.61168, 0.0224333, 1.59302, 0.0475511, 14.7256, 3.81298
5.936, 1.61222, 0.0199772, 1.59433, 0.0456032, 14.7433, 3.82651
5.946, 1.6128, 0.0168895, 1.5959, 0.0431275, 14.7654, 3.84334
5.958, 1.61336, 0.0131626, 1.59768, 0.0401002, 14.7919, 3.8634
5.968, 1.61373, 0.0100424, 1.59907, 0.0375335, 14.814, 3.87999
5.978, 1.61399, 0.0069122, 1.60038, 0.0349296, 14.8361, 3.89646
5.988, 1.61416, 0.00377522, 1.6016, 0.0322912, 14.8581, 3.91278
5.998, 1.61423, 0.000634513, 1.60275, 0.0296209, 14.88, 3.92896
6.01, 1.61418, -0.00313488, 1.604, 0.0263784, 14.9061, 3.94815
6.018, 1.61407, -0.00564566, 1.60477, 0.0241959, 14.9235, 3.96081
6.03, 1.61379, -0.00940463, 1.60582, 0.0208941, 14.9493, 3.97956
6.04, 1.61344, -0.0125271, 1.6066, 0.0181201, 14.9706, 3.99497
6.05, 1.613, -0.0156372, 1.60729, 0.0153287, 14.9917, 4.01016
6.06, 1.61246, -0.0187319, 1.6079, 0.0125227, 15.0127, 4.02512
6.07, 1.61182, -0.0218081, 1.60841, 0.00970478, 15.0334, 4.03984
6.08, 1.61109, -0.0248628, 1.60883, 0.00687786, 15.0538, 4.05432
6.092, 1.61008, -0.0284957, 1.60922, 0.00347764, 15.0781, 4.07134
6.102, 1.60914, -0.0314925, 1.60944, 0.000640828, 15.0979, 4.08522
6.112, 1.6081, -0.0344581, 1.60957, -0.00219597, 15.1175, 4.09881
6.122, 1.60698, -0.0373897, 1.60961, -0.00502995, 15.1368, 4.1121
6.132, 1.60576, -0.0402844, 1.60956, -0.00785831, 15.1558, 4.12507
6.142, 1.60444, -0.0431394, 1.60942, -0.0106782, 15.1744, 4.13772
6.152, 1.60304, -0.0459518, 1.60918, -0.013487, 15.1927, 4.15003
6.162, 1.60156, -0.0487188, 1.60886, -0.0162818, 15.2106, 4.162
6.172, 1.59998, -0.0514378, 1.60844, -0.0190599, 15.2281, 4.1736
6.184, 1.59798, -0.0546332, 1.60782, -0.0223678, 15.2486, 4.18703
6.194, 1.59623, -0.057237, 1.60721, -0.0250996, 15.2652, 4.1978
6.204, 1.59439, -0.0597843, 1.60651, -0.0278062, 15.2814, 4.20816
6.214, 1.59247, -0.0622726, 1.60571, -0.0304848, 15.2972, 4.21812
6.224, 1.59048, -0.0646994, 1.60483, -0.0331329, 15.3126, 4.22765
6.234, 1.58841, -0.0670624, 1.60387, -0.0357479, 15.3275, 4.23675
6.244, 1.58626, -0.0693591, 1.60281, -0.0383273, 15.3419, 4.2454
6.256, 1.5836, -0.0720247, 1.60143, -0.041372, 15.3586, 4.25517
6.266, 1.5813, -0.074168, 1.60019, -0.0438643, 15.372, 4.2628
6.276, 1.57894, -0.0762381, 1.59887, -0.0463131, 15.3848, 4.26994
6.286, 1.57651, -0.0782329, 1.59746, -0.0487161, 15.3972, 4.27659
6.296, 1.57402, -0.0801505, 1.59597, -0.0510709, 15.4091, 4.28273
6.306, 1.57147, -0.081989, 1.5944, -0.0533754, 15.4204, 4.28835
6.316, 1.56887, -0.0837466, 1.59275, -0.0556273, 15.4312, 4.29345
6.326, 1.56621, -0.0854215, 1.59103, -0.0578244, 15.4415, 4.29801
6.338, 1.56296, -0.08732, 1.58886, -0.0603858, 15.453, 4.30276
6.348, 1.56019, -0.0888074, 1.58697, -0.0624552, 15.4621, 4.3061
6.358, 1.55738, -0.0902072, 1.58501, -0.0644633, 15.4706, 4.30888
6.368, 1.55452, -0.0915179, 1.58298, -0.0664082, 15.4785, 4.31108
6.378, 1.55163, -0.0927383, 1.58088, -0.0682881, 15.4858, 4.31269
6.39, 1.5481, -0.0940819, 1.57827, -0.0704556, 15.4938, 4.31383
6.4, 1.54513, -0.0950995, 1.57602, -0.0721863, 15.4999, 4.31413
6.41, 1.54213, -0.0960232, 1.57372, -0.0738463, 15.5053, 4.31381
6.42, 1.5391, -0.0968521, 1.57135, -0.0754343, 15.5102, 4.31288
6.43, 1.53605, -0.0975855, 1.56892, -0.0769487, 15.5144, 4.31133
6.44, 1.53297, -0.0982225, 1.56644, -0.0783881, 15.5181, 4.30915
6.45, 1.52987, -0.0987626, 1.56391, -0.079751, 15.5211, 4.30634
6.46, 1.52676, -0.0992053, 1.56132, -0.0810362, 15.5235, 4.30289
6.47, 1.52364, -0.09955, 1.55868, -0.0822426, 15.5253, 4.29881
6.482, 1.51988, -0.099834, 1.55546, -0.0835845, 15.5267, 4.29307
6.492, 1.51674, -0.0999622, 1.55273, -0.0846134, 15.5271, 4.28758
6.502, 1.5136, -0.0999918, 1.54995, -0.0855601, 15.5269, 4.28145
6.512, 1.51046, -0.0999227, 1.54714, -0.0864236, 15.5262, 4.27469
6.522, 1.50733, -0.0997551, 1.54429, -0.0872031, 15.5247, 4.26728
6.532, 1.50419, -0.0994889, 1.54141, -0.087898, 15.5227, 4.25924
6.542, 1.50107, -0.0991246, 1.5385, -0.0885076, 15.5201, 4.25057
6.554, 1.49735, -0.0985583, 1.53497, -0.0891258, 15.5161, 4.23934
6.564, 1.49426, -0.0979793, 1.532, -0.0895458, 15.5121, 4.2293
6.574, 1.49119, -0.0973037, 1.52902, -0.0898791, 15.5075, 4.21864
6.584, 1.48815, -0.096532, 1.52601, -0.0901253, 15.5022, 4.20738
6.594, 1.48513, -0.095665, 1.52299, -0.0902842, 15.4964, 4.19553
6.606, 1.48154, -0.0945001, 1.51935, -0.0903594, 15.4886, 4.18053
6.614, 1.47918, -0.0936488, 1.51692, -0.0903396, 15.483, 4.17008
6.626, 1.47567, -0.0922611, 1.51326, -0.0902051, 15.4738, 4.15372
6.636, 1.47279, -0.0910044, 1.51021, -0.0899969, 15.4654, 4.13949
6.646, 1.46996, -0.0896579, 1.50716, -0.0897018, 15.4565, 4.12472
6.656, 1.46716, -0.0882229, 1.50411, -0.08932, 15.4471, 4.10944
6.666, 1.46441, -0.0867009, 1.50107, -0.0888518, 15.4371, 4.09366
6.676, 1.46171, -0.0850933, 1.49804, -0.0882979, 15.4265, 4.0774
6.686, 1.45907, -0.0834016, 1.49503, -0.0876587, 15.4154, 4.06068
6.698, 1.45596, -0.0812632, 1.49143, -0.0867801, 15.4013, 4.04002
6.708, 1.45344, -0.0793928, 1.48845, -0.0859557, 15.389, 4.02235
6.718, 1.45097, -0.0774441, 1.4855, -0.0850485, 15.3762, 4.00428
6.728, 1.44857, -0.0754189, 1.48257, -0.0840593, 15.3629, 3.98583
6.738, 1.44624, -0.0733193, 1.47967, -0.0829891, 15.3491, 3.96702
6.748, 1.44397, -0.0711474, 1.47681, -0.0818389, 15.3348, 3.94789
6.76, 1.44133, -0.0684485, 1.47342, -0.0803548, 15.317, 3.92454
6.77, 1.43922, -0.066125, 1.47063, -0.0790329, 15.3017, 3.90477
6.78, 1.43718, -0.0637362, 1.46789, -0.0776349, 15.286, 3.88475
6.79, 1.43522, -0.0612845, 1.46519, -0.0761622, 15.2698, 3.86451
6.8, 1.43333, -0.0587723, 1.46253, -0.0746164, 15.2532, 3.84408
6.81, 1.43152, -0.0562021, 1.45993, -0.0729988, 15.2362, 3.82347
6.82, 1.4298, -0.0535765, 1.45738, -0.071311, 15.2188, 3.80273
6.83, 1.42816, -0.0508979, 1.45489, -0.0695548, 15.201, 3.78187
6.842, 1.4263, -0.0476176, 1.45197, -0.0673592, 15.1793, 3.75673
6.85, 1.42513, -0.0453929, 1.45008, -0.0658436, 15.1645, 3.73993
6.858, 1.42402, -0.0431394, 1.44822, -0.0642875, 15.1495, 3.7231
6.872, 1.42221, -0.0391312, 1.44508, -0.06147, 15.1227, 3.69367
6.882, 1.42102, -0.0362213, 1.44291, -0.0593864, 15.1033, 3.67268
6.892, 1.41993, -0.0332758, 1.44082, -0.0572457, 15.0836, 3.65175
6.902, 1.41893, -0.0302973, 1.4388, -0.0550502, 15.0636, 3.63091
6.912, 1.41803, -0.027289, 1.43685, -0.0528019, 15.0434, 3.61019
6.922, 1.41722, -0.0242537, 1.43499, -0.0505028, 15.0229, 3.58961
6.932, 1.4165, -0.0211945, 1.4332, -0.0481554, 15.0023, 3.56921
6.944, 1.41577, -0.0174961, 1.43116, -0.0452776, 14.9772, 3.54499
6.954, 1.41527, -0.0143949, 1.42956, -0.0428314, 14.9562, 3.52506
6.964, 1.41487, -0.0112794, 1.42803, -0.0403441, 14.935, 3.50538
6.974, 1.41456, -0.00815286, 1.4266, -0.0378181, 14.9137, 3.48598
6.984, 1.41436, -0.00501823, 1.42525, -0.0352556, 14.8923, 3.46689
6.994, 1.41425, -0.00187865, 1.424, -0.0326592, 14.8708, 3.44812
7.004, 1.41424, 0.0012628, 1.42284, -0.0300314, 14.8492, 3.42971
7.014, 1.41433, 0.00440301, 1.42176, -0.0273745, 14.8276, 3.41167
7.024, 1.41452, 0.00753888, 1.42079, -0.0246912, 14.8059, 3.39402
7.036, 1.41487, 0.0112918, 1.41974, -0.0214399, 14.7799, 3.37338
7.046, 1.41527, 0.0144073, 1.41897, -0.0187074, 14.7582, 3.35667
7.056, 1.41577, 0.0175085, 1.4183, -0.0159566, 14.7366, 3.3404
7.066, 1.41637, 0.0205925, 1.41773, -0.0131903, 14.715, 3.32461
7.076, 1.41707, 0.0236561, 1.41725, -0.0104109, 14.6935, 3.30931
7.086, 1.41786, 0.0266964, 1.41687, -0.0076211, 14.6721, 3.29451
7.096, 1.41874, 0.0297104, 1.4166, -0.00482362, 14.6508, 3.28022
7.106, 1.41972, 0.032695, 1.41642, -0.00202109, 14.6296, 3.26646
7.118, 1.42102, 0.0362337, 1.41633, 0.00134486, 14.6044, 3.25067
7.126, 1.42196, 0.0385646, 1.41636, 0.00358845, 14.5878, 3.24058
7.138, 1.42348, 0.0420148, 1.41651, 0.00694984, 14.563, 3.22612
7.148, 1.42485, 0.0448445, 1.41675, 0.00974439, 14.5427, 3.2147
7.158, 1.4263, 0.04763, 1.41709, 0.0125301, 14.5225, 3.20386
7.168, 1.42784, 0.0503685, 1.41753, 0.0153042, 14.5027, 3.19361
7.178, 1.42946, 0.0530573, 1.41806, 0.0180641, 14.4831, 3.18395
7.188, 1.43117, 0.0556938, 1.41869, 0.0208072, 14.4638, 3.17489
7.2, 1.43333, 0.0587847, 1.41958, 0.0240728, 14.4412, 3.16481
7.21, 1.43483, 0.0607992, 1.42042, 0.0267693, 14.4227, 3.15708
7.22, 1.43718, 0.0637486, 1.42136, 0.0294405, 14.4046, 3.14995
7.23, 1.43922, 0.0661374, 1.42239, 0.0320837, 14.3868, 3.14344
7.24, 1.44133, 0.0684609, 1.42351, 0.0346963, 14.3695, 3.13753
7.25, 1.44352, 0.0707169, 1.42473, 0.0372758, 14.3527, 3.13223
7.26, 1.44578, 0.0729031, 1.42603, 0.0398196, 14.3363, 3.12753
7.27, 1.4481, 0.0750173, 1.42743, 0.0423252, 14.3204, 3.12345
7.28, 1.45049, 0.0770575, 1.42891, 0.04479, 14.3049, 3.11997
7.292, 1.45344, 0.0794052, 1.4308, 0.0476906, 14.2871, 3.11658
7.302, 1.45596, 0.0812756, 1.43246, 0.0500572, 14.2729, 3.11442
7.312, 1.45854, 0.0830658, 1.43421, 0.0523752, 14.2592, 3.11285
7.322, 1.46118, 0.084774, 1.43603, 0.0546424, 14.2462, 3.11186
7.332, 1.46387, 0.0863985, 1.43794, 0.0568564, 14.2337, 3.11147
7.342, 1.46661, 0.0879378, 1.43991, 0.0590149, 14.2218, 3.11164
7.352, 1.46939, 0.0893903, 1.44197, 0.0611158, 14.2106, 3.1124
7.362, 1.47222, 0.0907546, 1.44409, 0.0631567, 14.2001, 3.11372
7.372, 1.47509, 0.0920294, 1.44628, 0.0651357, 14.1902, 3.11559
7.384, 1.47859, 0.0934391, 1.44899, 0.0674257, 14.1792, 3.11858
7.394, 1.48154, 0.0945125, 1.45133, 0.0692611, 14.1708, 3.12166
7.404, 1.48453, 0.0954927, 1.45372, 0.071028, 14.1632, 3.12529
7.414, 1.48754, 0.0963786, 1.45617, 0.0727246, 14.1563, 3.12944
7.424, 1.49058, 0.0971694, 1.45868, 0.0743492, 14.1501, 3.13411
7.434, 1.49364, 0.0978643, 1.46124, 0.0758998, 14.1447, 3.1393
7.446, 1.49735, 0.0985707, 1.46438, 0.0776607, 14.1392, 3.14619
7.454, 1.49983, 0.0989638, 1.46651, 0.0787729, 14.1361, 3.15118
7.466, 1.50357, 0.0994363, 1.46976, 0.0803465, 14.1325, 3.15924
7.476, 1.5067, 0.0997221, 1.47251, 0.0815695, 14.1303, 3.16649
7.486, 1.50983, 0.0999095, 1.4753, 0.0827107, 14.1289, 3.17421
7.496, 1.51297, 0.0999983, 1.47813, 0.083769, 14.1283, 3.18238
7.506, 1.51612, 0.0999884, 1.48099, 0.084743, 14.1286, 3.19101
7.518, 1.51988, 0.0998464, 1.48446, 0.0857991, 14.1299, 3.20193
7.526, 1.52239, 0.0996728, 1.4868, 0.0864342, 14.1314, 3.20956
7.538, 1.52614, 0.0992945, 1.49033, 0.0872819, 14.1346, 3.2215
7.548, 1.52925, 0.0988714, 1.4933, 0.0878913, 14.1382, 3.2319
7.558, 1.53235, 0.0983507, 1.49628, 0.0884119, 14.1425, 3.2427
7.568, 1.53543, 0.097733, 1.49928, 0.0888429, 14.1477, 3.25388
7.58, 1.5391, 0.0968645, 1.50289, 0.0892412, 14.1549, 3.2678
7.59, 1.54213, 0.0960356, 1.50591, 0.0894735, 14.1617, 3.27979
7.6, 1.54513, 0.0951118, 1.50893, 0.089615, 14.1693, 3.29214
7.61, 1.5481, 0.0940943, 1.51196, 0.0896654, 14.1777, 3.30482
7.62, 1.55104, 0.0929838, 1.51498, 0.0896247, 14.1868, 3.31784
7.63, 1.55395, 0.0917817, 1.51801, 0.0894927, 14.1966, 3.33117
7.64, 1.55681, 0.0904889, 1.52102, 0.0892697, 14.2072, 3.34481
7.65, 1.55963, 0.0891069, 1.52402, 0.0889558, 14.2184, 3.35874
7.66, 1.56241, 0.0876369, 1.52701, 0.0885513, 14.2304, 3.37296
7.672, 1.56568, 0.0857589, 1.53058, 0.0879469, 14.2456, 3.39037
7.68, 1.56781, 0.084439, 1.53295, 0.0874722, 14.2562, 3.40218
7.692, 1.57096, 0.0823595, 1.53647, 0.0866533, 14.273, 3.42019
7.702, 1.57352, 0.080537, 1.53937, 0.0858737, 14.2876, 3.43545
7.712, 1.57602, 0.078635, 1.54225, 0.0850066, 14.3028, 3.45093
7.722, 1.57846, 0.0766555, 1.5451, 0.084053, 14.3185, 3.46662
7.732, 1.58083, 0.0746003, 1.54792, 0.0830137, 14.3348, 3.48249
7.742, 1.58314, 0.0724715, 1.5507, 0.08189, 14.3516, 3.49854
7.754, 1.58582, 0.0698227, 1.55399, 0.0804317, 14.3725, 3.51803
7.764, 1.58798, 0.0675395, 1.55668, 0.0791263, 14.3904, 3.53443
7.774, 1.59007, 0.0651896, 1.55933, 0.0777406, 14.4087, 3.55096
7.784, 1.59208, 0.0627753, 1.56193, 0.0762759, 14.4274, 3.56762
7.794, 1.59401, 0.0602992, 1.56449, 0.0747338, 14.4466, 3.58439
7.804, 1.59587, 0.0577635, 1.56699, 0.0731159, 14.4661, 3.60126
7.814, 1.59764, 0.0551708, 1.56945, 0.071424, 14.4859, 3.61821
7.824, 1.59933, 0.0525237, 1.57184, 0.0696597, 14.5061, 3.63523
7.836, 1.60125, 0.0492789, 1.57464, 0.0674499, 14.5307, 3.65573
7.846, 1.60275, 0.0465213, 1.57691, 0.0655333, 14.5515, 3.67286
7.856, 1.60417, 0.0437178, 1.57912, 0.0635506, 14.5725, 3.69002
7.866, 1.6055, 0.0408711, 1.58126, 0.0615038, 14.5938, 3.70719
7.876, 1.60674, 0.0379841, 1.58333, 0.0593953, 14.6152, 3.72437
7.886, 1.60789, 0.0350596, 1.58534, 0.057227, 14.6368, 3.74153
7.896, 1.60894, 0.0321006, 1.58728, 0.0550014, 14.6585, 3.75867
7.906, 1.6099, 0.0291098, 1.58914, 0.0527206, 14.6803, 3.77577
7.918, 1.61093, 0.0254833, 1.59129, 0.0499144, 14.7066, 3.79622
7.928, 1.61168, 0.0224333, 1.59299, 0.0475209, 14.7287, 3.8132
7.938, 1.61234, 0.0193611, 1.59462, 0.0450801, 14.7507, 3.83009
7.948, 1.6129, 0.0162699, 1.59617, 0.0425945, 14.7728, 3.8469
7.958, 1.61336, 0.0131626, 1.59764, 0.0400666, 14.7948, 3.8636
7.968, 1.61373, 0.0100424, 1.59903, 0.0374991, 14.8168, 3.88019
7.978, 1.61399, 0.0069122, 1.60034, 0.0348946, 14.8388, 3.89665
7.988, 1.61416, 0.00377522, 1.60157, 0.0322557, 14.8607, 3.91297
7.998, 1.61423, 0.000634513, 1.60271, 0.0295851, 14.8825, 3.92914
8.008, 1.6142, -0.00250681, 1.60376, 0.0268856, 14.9042, 3.94514
8.02, 1.61403, -0.00627285, 1.60492, 0.0236118, 14.9301, 3.96411
8.03, 1.61379, -0.00940463, 1.60579, 0.0208583, 14.9514, 3.97971
8.04, 1.61344, -0.0125271, 1.60656, 0.0180846, 14.9727, 3.9951
8.05, 1.613, -0.0156372, 1.60726, 0.0152936, 14.9937, 4.01028
8.06, 1.61246, -0.0187319, 1.60786, 0.0124881, 15.0145, 4.02523
8.07, 1.61182, -0.0218081, 1.60837, 0.0096708, 15.0351, 4.03995
8.082, 1.61093, -0.0254709, 1.60887, 0.00627857, 15.0594, 4.05727
8.092, 1.61008, -0.0284957, 1.60918, 0.00344542, 15.0795, 4.07141
8.1, 1.60934, -0.0308955, 1.60937, 0.0011768, 15.0953, 4.08253
8.112, 1.6081, -0.0344581, 1.60953, -0.00222623, 15.1187, 4.09886
8.122, 1.60698, -0.0373897, 1.60958, -0.00505911, 15.1378, 4.11214
8.132, 1.60576, -0.0402844, 1.60953, -0.00788631, 15.1567, 4.1251
8.142, 1.60444, -0.0431394, 1.60938, -0.010705, 15.1751, 4.13774
8.152, 1.60304, -0.0459518, 1.60915, -0.0135125, 15.1933, 4.15004
8.162, 1.60156, -0.0487188, 1.60883, -0.016306, 15.2111, 4.162
8.172, 1.59998, -0.0514378, 1.60841, -0.0190827, 15.2285, 4.17359
8.182, 1.59833, -0.0541059, 1.60791, -0.0218401, 15.2455, 4.18481
8.194, 1.59623, -0.057237, 1.60719, -0.0251194, 15.2654, 4.19776
8.204, 1.59439, -0.0597843, 1.60648, -0.0278245, 15.2815, 4.20812
8.214, 1.59247, -0.0622726, 1.60569, -0.0305017, 15.2972, 4.21807
8.224, 1.59048, -0.0646994, 1.60482, -0.0331483, 15.3124, 4.2276
8.234, 1.58841, -0.0670624, 1.60385, -0.0357619, 15.3272, 4.23669
8.246, 1.58582, -0.0698103, 1.60258, -0.0388509, 15.3444, 4.247
8.254, 1.58405, -0.0715875, 1.60166, -0.0408796, 15.3554, 4.25352
8.266, 1.5813, -0.074168, 1.60018, -0.0438737, 15.3714, 4.26272
8.276, 1.57894, -0.0762381, 1.59886, -0.0463211, 15.3842, 4.26986
8.286, 1.57651, -0.0782329, 1.59745, -0.0487227, 15.3965, 4.2765
8.296, 1.57402, -0.0801505, 1.59596, -0.0510762, 15.4083, 4.28264
8.306, 1.57147, -0.081989, 1.5944, -0.0533794, 15.4196, 4.28827
8.318, 1.56834, -0.0840883, 1.59241, -0.0560737, 15.4324, 4.29432
8.326, 1.56621, -0.0854215, 1.59103, -0.057826, 15.4405, 4.29792
8.338, 1.56296, -0.08732, 1.58886, -0.0603859, 15.4521, 4.30267
8.348, 1.56019, -0.0888074, 1.58697, -0.0624542, 15.4611, 4.30602
8.358, 1.55738, -0.0902072, 1.58501, -0.0644612, 15.4695, 4.30879
8.368, 1.55452, -0.0915179, 1.58298, -0.0664051, 15.4774, 4.31099
8.378, 1.55163, -0.0927383, 1.58088, -0.068284, 15.4847, 4.3126
8.388, 1.5487, -0.0938672, 1.57871, -0.0700962, 15.4915, 4.31362
8.398, 1.54573, -0.0949034, 1.57648, -0.0718398, 15.4976, 4.31404
8.408, 1.54273, -0.095846, 1.57419, -0.0735133, 15.5032, 4.31385
8.42, 1.5391, -0.0968521, 1.57136, -0.0754267, 15.5091, 4.31281
8.43, 1.53605, -0.0975855, 1.56893, -0.0769404, 15.5133, 4.31126
8.44, 1.53297, -0.0982225, 1.56645, -0.0783791, 15.517, 4.30908
8.45, 1.52987, -0.0987626, 1.56392, -0.0797415, 15.52, 4.30628
8.46, 1.52676, -0.0992053, 1.56133, -0.0810262, 15.5224, 4.30284
8.47, 1.52364, -0.09955, 1.5587, -0.0822321, 15.5243, 4.29876
8.482, 1.51988, -0.099834, 1.55547, -0.0835735, 15.5256, 4.29302
8.492, 1.51674, -0.0999622, 1.55274, -0.0846021, 15.5261, 4.28754
8.502, 1.5136, -0.0999918, 1.54997, -0.0855485, 15.526, 4.28141
8.512, 1.51046, -0.0999227, 1.54715, -0.0864118, 15.5252, 4.27465
8.522, 1.50733, -0.0997551, 1.54431, -0.0871911, 15.5238, 4.26725
8.532, 1.50419, -0.0994889, 1.54143, -0.0878859, 15.5218, 4.25921
8.544, 1.50045, -0.0990399, 1.53793, -0.0886071, 15.5186, 4.24874
8.554, 1.49735, -0.0985583, 1.53499, -0.0891135, 15.5153, 4.23932
8.564, 1.49426, -0.0979793, 1.53202, -0.0895336, 15.5113, 4.22928
8.574, 1.49119, -0.0973037, 1.52903, -0.089867, 15.5068, 4.21863
8.584, 1.48815, -0.096532, 1.52603, -0.0901133, 15.5016, 4.20737
8.594, 1.48513, -0.095665, 1.52301, -0.0902723, 15.4958, 4.19552
8.604, 1.48214, -0.0947036, 1.51997, -0.090344, 15.4894, 4.18309
8.614, 1.47918, -0.0936488, 1.51693, -0.0903282, 15.4824, 4.17008
8.626, 1.47567, -0.0922611, 1.51327, -0.090194, 15.4733, 4.15372
8.636, 1.47279, -0.0910044, 1.51022, -0.0899861, 15.465, 4.13949
8.646, 1.46996, -0.0896579, 1.50717, -0.0896913, 15.4562, 4.12473
8.656, 1.46716, -0.0882229, 1.50412, -0.0893099, 15.4467, 4.10945
8.666, 1.46441, -0.0867009, 1.50109, -0.0888421, 15.4368, 4.09367
8.676, 1.46171, -0.0850933, 1.49806, -0.0882886, 15.4262, 4.07741
8.688, 1.45854, -0.0830534, 1.49444, -0.0875119, 15.4129, 4.05729
8.696, 1.45647, -0.0816277, 1.49204, -0.0869264, 15.4035, 4.04352
8.708, 1.45344, -0.0793928, 1.48846, -0.0859478, 15.3889, 4.02236
8.718, 1.45097, -0.0774441, 1.48551, -0.085041, 15.3761, 4.00428
8.728, 1.44857, -0.0754189, 1.48258, -0.0840523, 15.3628, 3.98584
8.738, 1.44624, -0.0733193, 1.47968, -0.0829826, 15.3491, 3.96703
8.748, 1.44397, -0.0711474, 1.47682, -0.0818329, 15.3348, 3.9479
8.758, 1.44177, -0.0689052, 1.47398, -0.0806044, 15.3201, 3.92846
8.77, 1.43922, -0.066125, 1.47064, -0.079028, 15.3018, 3.90477
8.778, 1.43758, -0.0642191, 1.46844, -0.077916, 15.2893, 3.88878
8.79, 1.43522, -0.0612845, 1.46519, -0.0761584, 15.2699, 3.86452
8.8, 1.43333, -0.0587723, 1.46254, -0.074613, 15.2534, 3.84408
8.81, 1.43152, -0.0562021, 1.45994, -0.0729959, 15.2364, 3.82347
8.82, 1.4298, -0.0535765, 1.45739, -0.0713086, 15.219, 3.80273
8.83, 1.42816, -0.0508979, 1.45489, -0.0695528, 15.2013, 3.78187
8.842, 1.4263, -0.0476176, 1.45197, -0.0673579, 15.1795, 3.75673
8.85, 1.42513, -0.0453929, 1.45008, -0.0658426, 15.1648, 3.73992
8.862, 1.42348, -0.0420024, 1.44731, -0.0634942, 15.1422, 3.71469
8.87, 1.42246, -0.0397086, 1.44552, -0.0618796, 15.1269, 3.69787
8.882, 1.42102, -0.0362213, 1.44291, -0.0593868, 15.1036, 3.67267
8.892, 1.41993, -0.0332758, 1.44082, -0.0572465, 15.0839, 3.65174
8.902, 1.41893, -0.0302973, 1.4388, -0.0550514, 15.0639, 3.6309
8.912, 1.41803, -0.027289, 1.43685, -0.0528034, 15.0437, 3.61018
8.924, 1.41707, -0.0236437, 1.43462, -0.0500391, 15.0192, 3.58551
8.934, 1.41637, -0.0205801, 1.43285, -0.0476825, 14.9985, 3.56514
8.944, 1.41577, -0.0174961, 1.43116, -0.0452802, 14.9776, 3.54498
8.954, 1.41527, -0.0143949, 1.42955, -0.0428343, 14.9566, 3.52504
8.964, 1.41487, -0.0112794, 1.42803, -0.0403473, 14.9354, 3.50537
8.974, 1.41456, -0.00815286, 1.4266, -0.0378214, 14.9141, 3.48597
8.984, 1.41436, -0.00501823, 1.42525, -0.0352592, 14.8927, 3.46688
8.994, 1.41425, -0.00187865, 1.424, -0.032663, 14.8711, 3.44811
9.006, 1.42263, -0.029553, 1.42263, -0.0295496, 12.0491, 2.29364
9.016, 1.42172, -0.0272333, 1.42172, -0.0272299, 12.2593, 2.47301
9.026, 1.42103, -0.0251852, 1.42103, -0.0251818, 12.4412, 2.62586
9.036, 1.4205, -0.0233709, 1.4205, -0.0233675, 12.5991, 2.75611
9.046, 1.42012, -0.0217582, 1.42012, -0.0217548, 12.7364, 2.86712
9.056, 1.41986, -0.0203196, 1.41986, -0.0203162, 12.8562, 2.96172
9.066, 1.4197, -0.0190316, 1.4197, -0.0190282, 12.9608, 3.04235
9.076, 1.41963, -0.0178743, 1.41963, -0.017871, 13.0526, 3.11106
9.086, 1.41962, -0.0168307, 1.41962, -0.0168273, 13.1333, 3.16963
9.098, 1.41969, -0.0157077, 1.41969, -0.0157043, 13.2176, 3.22861
9.108, 1.4198, -0.0148653, 1.4198, -0.014862, 13.279, 3.26982
9.118, 1.41994, -0.0140966, 1.41994, -0.0140933, 13.3335, 3.30495
9.128, 1.42011, -0.0133927, 1.42011, -0.0133893, 13.3821, 3.33489
9.138, 1.42031, -0.0127458, 1.42031, -0.0127424, 13.4256, 3.36041
9.15, 1.42056, -0.0120355, 1.42056, -0.0120321, 13.4718, 3.38612
9.16, 1.42079, -0.011492, 1.42079, -0.0114887, 13.5062, 3.40408
9.17, 1.42102, -0.0109874, 1.42102, -0.010984, 13.5373, 3.4194
9.18, 1.42126, -0.0105175, 1.42126, -0.0105141, 13.5655, 3.43245
9.19, 1.42151, -0.0100787, 1.42151, -0.0100753, 13.5912, 3.44358
9.2, 1.42175, -0.00966782, 1.42175, -0.00966443, 13.6147, 3.45307
9.21, 1.422, -0.00928223, 1.422, -0.00927885, 13.6363, 3.46115
9.22, 1.42224, -0.00891954, 1.42224, -0.00891615, 13.6561, 3.46805
9.23, 1.42249, -0.00857766, 1.42249, -0.00857427, 13.6744, 3.47393
9.24, 1.42272, -0.00825478, 1.42272, -0.00825139, 13.6914, 3.47894
9.25, 1.42296, -0.00794931, 1.42296, -0.00794592, 13.7072, 3.48322
9.262, 1.42323, -0.00760374, 1.42323, -0.00760035, 13.7247, 3.48752
9.272, 1.42346, -0.00733183, 1.42346, -0.00732844, 13.7382, 3.49054
9.282, 1.42367, -0.00707336, 1.42367, -0.00706996, 13.7509, 3.4931
9.292, 1.42388, -0.00682737, 1.42388, -0.00682397, 13.7628, 3.49529
9.302, 1.42409, -0.006593, 1.42409, -0.00658961, 13.7741, 3.49716
9.312, 1.42429, -0.0063695, 1.42429, -0.0063661, 13.7847, 3.49876
9.322, 1.42448, -0.00615615, 1.42448, -0.00615276, 13.7947, 3.50012
9.332, 1.42467, -0.00595235, 1.42467, -0.00594895, 13.8041, 3.50128
9.342, 1.42485, -0.00575752, 1.42485, -0.00575413, 13.8131, 3.50227
9.354, 1.42506, -0.00553485, 1.42506, -0.00553146, 13.8233, 3.50327
9.364, 1.42523, -0.00535802, 1.42523, -0.00535462, 13.8313, 3.50397
9.374, 1.42539, -0.00518867, 1.42539, -0.00518527, 13.839, 3.50457
9.384, 1.42554, -0.00502641, 1.42554, -0.00502301, 13.8463, 3.50509
9.394, 1.4257, -0.00487087, 1.4257, -0.00486747, 13.8532, 3.50552
9.404, 1.42584, -0.00472173, 1.42584, -0.00471833, 13.8598, 3.5059
9.414, 1.42598, -0.00457869, 1.42598, -0.00457529, 13.8662, 3.50622
9.426, 1.42614, -0.00441466, 1.42614, -0.00441126, 13.8734, 3.50655
9.436, 1.42627, -0.00428403, 1.42627, -0.00428062, 13.8792, 3.50678
9.446, 1.4264, -0.00415862, 1.4264, -0.00415522, 13.8847, 3.50697
9.456, 1.42652, -0.00403822, 1.42652, -0.00403481, 13.8899, 3.50714
9.466, 1.42663, -0.00392259, 1.42663, -0.00391919, 13.895, 3.50729
9.478, 1.42676, -0.00378986, 1.42676, -0.00378646, 13.9008, 3.50744
9.488, 1.42687, -0.00368404, 1.42687, -0.00368064, 13.9054, 3.50754
9.498, 1.42697, -0.00358238, 1.42697, -0.00357897, 13.9098, 3.50763
9.508, 1.42707, -0.0034847, 1.42707, -0.0034813, 13.914, 3.50771
9.518, 1.42717, -0.00339084, 1.42717, -0.00338743, 13.9181, 3.50778
9.528, 1.42726, -0.00330064, 1.42726, -0.00329724, 13.922, 3.50784
9.538, 1.42734, -0.00321395, 1.42734, -0.00321055, 13.9258, 3.50789
9.548, 1.42743, -0.00313064, 1.42743, -0.00312723, 13.9294, 3.50794
9.558, 1.42751, -0.00305056, 1.42751, -0.00304715, 13.9328, 3.50798
9.568, 1.42759, -0.00297358, 1.42759, -0.00297017, 13.9361, 3.50802
9.578, 1.42766, -0.00289959, 1.42766, -0.00289618, 13.9393, 3.50805
9.59, 1.42775, -0.00281456, 1.42775, -0.00281116, 13.943, 3.50808
9.598, 1.4278, -0.00276007, 1.4278, -0.00275667, 13.9453, 3.5081
9.61, 1.42788, -0.00268149, 1.42788, -0.00267809, 13.9487, 3.50813
9.62, 1.42795, -0.00261879, 1.42795, -0.00261538, 13.9514, 3.50815
9.63, 1.42801, -0.0025585, 1.42801, -0.00255509, 13.954, 3.50816
9.64, 1.42807, -0.00250054, 1.42807, -0.00249713, 13.9565, 3.50818
9.65, 1.42812, -0.00244481, 1.42812, -0.0024414, 13.9589, 3.5082
9.662, 1.42819, -0.00238076, 1.42819, -0.00237735, 13.9617, 3.50821
9.672, 1.42824, -0.00232964, 1.42824, -0.00232623, 13.9639, 3.50822
9.682, 1.42829, -0.00228049, 1.42829, -0.00227708, 13.966, 3.50824
9.692, 1.42834, -0.00223323, 1.42834, -0.00222982, 13.968, 3.50825
9.702, 1.42839, -0.00218779, 1.42839, -0.00218438, 13.97, 3.50826
9.712, 1.42843, -0.00214409, 1.42843, -0.00214068, 13.9718, 3.50827
9.724, 1.42848, -0.00209387, 1.42848, -0.00209046, 13.974, 3.50828
9.732, 1.42851, -0.00206168, 1.42851, -0.00205827, 13.9754, 3.50828
9.744, 1.42856, -0.00201525, 1.42856, -0.00201184, 13.9774, 3.50829
9.754, 1.4286, -0.00197819, 1.4286, -0.00197478, 13.979, 3.5083
9.764, 1.42863, -0.00194255, 1.42863, -0.00193914, 13.9805, 3.50831
9.774, 1.42867, -0.00190828, 1.42867, -0.00190487, 13.982, 3.50831
9.784, 1.4287, -0.00187533, 1.4287, -0.00187192, 13.9834, 3.50832
9.796, 1.42874, -0.00183745, 1.42874, -0.00183404, 13.985, 3.50833
9.806, 1.42877, -0.00180722, 1.42877, -0.00180381, 13.9863, 3.50833
9.816, 1.4288, -0.00177815, 1.4288, -0.00177474, 13.9875, 3.50834
9.826, 1.42883, -0.0017502, 1.42883, -0.00174679, 13.9887, 3.50834
9.836, 1.42886, -0.00172332, 1.42886, -0.00171991, 13.9899, 3.50835
9.846, 1.42888, -0.00169747, 1.42888, -0.00169406, 13.991, 3.50835
9.856, 1.42891, -0.00167261, 1.42891, -0.0016692, 13.9921, 3.50836
9.866, 1.42893, -0.00164871, 1.42893, -0.0016453, 13.9931, 3.50836
9.876, 1.42896, -0.00162573, 1.42896, -0.00162231, 13.9941, 3.50837
9.886, 1.42898, -0.00160362, 1.42898, -0.00160021, 13.995, 3.50837
9.896, 1.429, -0.00158237, 1.429, -0.00157896, 13.9959, 3.50837
9.906, 1.42902, -0.00156193, 1.42902, -0.00155852, 13.9968, 3.50838
9.916, 1.42904, -0.00154228, 1.42904, -0.00153886, 13.9977, 3.50838
9.928, 1.42906, -0.00151968, 1.42906, -0.00151627, 13.9986, 3.50839
9.938, 1.42908, -0.00150165, 1.42908, -0.00149824, 13.9994, 3.50839
9.948, 1.4291, -0.00148431, 1.4291, -0.0014809, 14.0002, 3.50839
9.958, 1.42912, -0.00146763, 1.42912, -0.00146422, 14.0009, 3.5084
9.968, 1.42913, -0.0014516, 1.42913, -0.00144818, 14.0016, 3.5084
9.978, 1.42915, -0.00143617, 1.42915, -0.00143276, 14.0022, 3.5084
9.988, 1.42916, -0.00142134, 1.42916, -0.00141793, 14.0029, 3.5084
9.998, 1.42918, -0.00140708, 1.42918, -0.00140367, 14.0035, 3.50841
10.008, 1.42919, -0.00139337, 1.42919, -0.00138996, 14.0041, 3.50841
10.018, 1.42921, -0.00138018, 1.42921, -0.00137677, 14.0046, 3.50841
10.028, 1.42922, -0.0013675, 1.42922, -0.00136408, 14.0052, 3.50841
10.038, 1.42923, -0.0013553, 1.42923, -0.00135189, 14.0057, 3.50842
10.048, 1.42924, -0.00134357, 1.42924, -0.00134016, 14.0062, 3.50842
10.06, 1.42926, -0.00133009, 1.42926, -0.00132667, 14.0068, 3.50842
10.07, 1.42927, -0.00131932, 1.42927, -0.00131591, 14.0072, 3.50842
10.08, 1.42928, -0.00130897, 1.42928, -0.00130556, 14.0077, 3.50843
10.09, 1.42929, -0.00129902, 1.42929, -0.00129561, 14.0081, 3.50843
10.1, 1.4293, -0.00128945, 1.4293, -0.00128603, 14.0085, 3.50843
10.11, 1.42931, -0.00128024, 1.42931, -0.00127683, 14.0089, 3.50843
10.12, 1.42932, -0.00127139, 1.42932, -0.00126797, 14.0093, 3.50843
10.13, 1.42933, -0.00126287, 1.42933, -0.00125946, 14.0096, 3.50843
10.14, 1.42933, -0.00125468, 1.42933, -0.00125127, 14.01, 3.50844
10.15, 1.42934, -0.00124681, 1.42934, -0.00124339, 14.0103, 3.50844
10.16, 1.42935, -0.00123923, 1.42935, -0.00123582, 14.0107, 3.50844
10.172, 1.42936, -0.00123053, 1.42936, -0.00122711, 14.011, 3.50844
10.182, 1.42937, -0.00122358, 1.42937, -0.00122016, 14.0113, 3.50844
10.192, 1.42937, -0.00121689, 1.42937, -0.00121348, 14.0116, 3.50844
10.202, 1.42938, -0.00121046, 1.42938, -0.00120705, 14.0119, 3.50845
10.212, 1.42939, -0.00120428, 1.42939, -0.00120086, 14.0122, 3.50845
10.222, 1.42939, -0.00119833, 1.42939, -0.00119492, 14.0124, 3.50845
10.232, 1.4294, -0.00119261, 1.4294, -0.0011892, 14.0127, 3.50845
10.242, 1.4294, -0.00118711, 1.4294, -0.00118369, 14.0129, 3.50845
10.254, 1.42941, -0.00118078, 1.42941, -0.00117737, 14.0132, 3.50845
